state,EOF,SWITCH_BREAK,SWITCH_GOTO,LOOP_BREAK,LOOP_CONTINUE,IMPORT,IF,CONSTANT,L_CURLY_BRACE,RETURN,TRY,THROW,SWITCH,OBJECT,FOR,WHILE,VARIABLE,FUNCTION,L_BRACE,MINUS,EXCLAMATION,IDENTIFIER,DOUBLE_PLUS,DOUBLE_MINUS,STRING_LITERAL,NUMBER_LITERAL,BOOLEAN_LITERAL,NULL_LITERAL,L_PAREN,R_CURLY_BRACE,SEMICOLON,ELIF,ELSE,EQUALS,DOUBLE_AMPERSAND,DOUBLE_PIPE,R_PAREN,R_BRACE,COMMA,CARAT,AMPERSAND,PIPE,DOUBLE_EQUALS,EXCLAMATION_EQUALS,L_ANGLE_BAR,L_ANGLE_BAR_EQUALS,R_ANGLE_BAR,R_ANGLE_BAR_EQUALS,DOUBLE_L_ANGLE_BAR,DOUBLE_R_ANGLE_BAR,PLUS,STAR,FORWARD_SLASH,PERCENT,DOUBLE_STAR,DOT,COLON,CATCH,NUMBER_TYPE,BOOLEAN_TYPE,STRING_TYPE,VOID_TYPE,DEFAULT,CASE,MINUS_R_ANGLE_BAR,OF,PROGRAM,STATEMENT_LIST,STATEMENT,IMPORT_STATEMENT,IF_STATEMENT,VARIABLE_DECLARATION_STATEMENT,CONSTANT_DECLARATION,BLOCK_STATEMENT,RETURN_STATEMENT,TRY_CATCH_STATEMENT,THROW_STATEMENT,SWITCH_STATEMENT,LOOP_STATEMENT,EXPRESSION_STATEMENT,OBJECT_TYPE_DECLARATION,VARIABLE_DECLARATION,FOREACH_LOOP,COUNTER_CONTROLLED_LOOP,WHILE_LOOP,EXPRESSION,VARIABLE_DECLARATION_HEADER,FUNCTION_EXPRESSION,ARRAY_LITERAL,OBJECT_LITERAL,LOGICAL_EXPRESSION,BITWISE_EXPRESSION,EQUALITY_EXPRESSION,RELATIONAL_EXPRESSION,SHIFT_EXPRESSION,TERM_EXPRESSION,FACTOR_EXPRESSION,UNARY_EXPRESSION,EXPONENTIATION_EXPRESSION,ENDPOINT,IDENTIFIER_STACK_EXPRESSION,ASSIGNMENT_EXPRESSION,LITERAL,GROUPING_EXPRESSION,ASSIGNABLE_TARGET_EXPRESSION,OBJECT_LITERAL_FIELD_LIST,OBJECT_LITERAL_FIELD,EXPRESSION_LIST,COUNTER_LOOP_INIT,PARAMETER_LIST,TYPE,LAMBDA_TYPE,PROPERTY_LIST,PROPERTY_DEFINITION,ELSE_IF_STATEMENTS,ELSE_IF_STATEMENT,LAMBDA_PARAMETER_LIST,SWITCH_CASE_LIST_WITH_DEFAULT,SWITCH_CASE_LIST,SWITCH_CASE
state 0,s40,s41,s42,s43,s44,s45,s46,s47,s48,s49,s50,s51,s52,s53,s54,s55,s56,s57,s58,s59,s60,s61,s62,s63,s64,s65,s66,s67,s68,,,,,,,,,,,,,,,,,,,,,,,,,,,,,,,,,,,,,,1,2,3,4,5,6,7,8,9,10,11,12,13,14,15,16,17,18,19,20,21,22,23,24,25,26,27,28,29,30,31,32,33,34,35,36,37,38,39,,,,,,,,,,,,,,,,
state 1,r0,,,,,,,,,,,,,,,,,,,,,,,,,,,,,,,,,,,,,,,,,,,,,,,,,,,,,,,,,,,,,,,,,,,,,,,,,,,,,,,,,,,,,,,,,,,,,,,,,,,,,,,,,,,,,,,,,,,,,,,,
state 2,s70,s41,s42,s43,s44,s45,s46,s47,s48,s49,s50,s51,s52,s53,s54,s55,s56,s57,s58,s59,s60,s61,s62,s63,s64,s65,s66,s67,s68,,,,,,,,,,,,,,,,,,,,,,,,,,,,,,,,,,,,,,,,69,4,5,6,7,8,9,10,11,12,13,14,15,16,17,18,19,20,21,22,23,24,25,26,27,28,29,30,31,32,33,34,35,36,37,38,39,,,,,,,,,,,,,,,,
state 3,r4,r4,r4,r4,r4,r4,r4,r4,r4,r4,r4,r4,r4,r4,r4,r4,r4,r4,r4,r4,r4,r4,r4,r4,r4,r4,r4,r4,r4,,,,,,,,,,,,,,,,,,,,,,,,,,,,,,,,,,,,,,,,,,,,,,,,,,,,,,,,,,,,,,,,,,,,,,,,,,,,,,,,,,,,,,,,,,,,
state 4,r5,r5,r5,r5,r5,r5,r5,r5,r5,r5,r5,r5,r5,r5,r5,r5,r5,r5,r5,r5,r5,r5,r5,r5,r5,r5,r5,r5,r5,r5,,,,,,,,,,,,,,,,,,,,,,,,,,,,,,,,,,,,,,,,,,,,,,,,,,,,,,,,,,,,,,,,,,,,,,,,,,,,,,,,,,,,,,,,,,,
state 5,r6,r6,r6,r6,r6,r6,r6,r6,r6,r6,r6,r6,r6,r6,r6,r6,r6,r6,r6,r6,r6,r6,r6,r6,r6,r6,r6,r6,r6,r6,,,,,,,,,,,,,,,,,,,,,,,,,,,,,,,,,,,,,,,,,,,,,,,,,,,,,,,,,,,,,,,,,,,,,,,,,,,,,,,,,,,,,,,,,,,
state 6,r7,r7,r7,r7,r7,r7,r7,r7,r7,r7,r7,r7,r7,r7,r7,r7,r7,r7,r7,r7,r7,r7,r7,r7,r7,r7,r7,r7,r7,r7,,,,,,,,,,,,,,,,,,,,,,,,,,,,,,,,,,,,,,,,,,,,,,,,,,,,,,,,,,,,,,,,,,,,,,,,,,,,,,,,,,,,,,,,,,,
state 7,r8,r8,r8,r8,r8,r8,r8,r8,r8,r8,r8,r8,r8,r8,r8,r8,r8,r8,r8,r8,r8,r8,r8,r8,r8,r8,r8,r8,r8,r8,,,,,,,,,,,,,,,,,,,,,,,,,,,,,,,,,,,,,,,,,,,,,,,,,,,,,,,,,,,,,,,,,,,,,,,,,,,,,,,,,,,,,,,,,,,
state 8,r9,r9,r9,r9,r9,r9,r9,r9,r9,r9,r9,r9,r9,r9,r9,r9,r9,r9,r9,r9,r9,r9,r9,r9,r9,r9,r9,r9,r9,r9,,,,,,,,,,,,,,,,,,,,,,,,,,,,,,,,,,,,,,,,,,,,,,,,,,,,,,,,,,,,,,,,,,,,,,,,,,,,,,,,,,,,,,,,,,,
state 9,r10,r10,r10,r10,r10,r10,r10,r10,r10,r10,r10,r10,r10,r10,r10,r10,r10,r10,r10,r10,r10,r10,r10,r10,r10,r10,r10,r10,r10,r10,,,,,,,,,,,,,,,,,,,,,,,,,,,,,,,,,,,,,,,,,,,,,,,,,,,,,,,,,,,,,,,,,,,,,,,,,,,,,,,,,,,,,,,,,,,
state 10,r11,r11,r11,r11,r11,r11,r11,r11,r11,r11,r11,r11,r11,r11,r11,r11,r11,r11,r11,r11,r11,r11,r11,r11,r11,r11,r11,r11,r11,r11,,,,,,,,,,,,,,,,,,,,,,,,,,,,,,,,,,,,,,,,,,,,,,,,,,,,,,,,,,,,,,,,,,,,,,,,,,,,,,,,,,,,,,,,,,,
state 11,r12,r12,r12,r12,r12,r12,r12,r12,r12,r12,r12,r12,r12,r12,r12,r12,r12,r12,r12,r12,r12,r12,r12,r12,r12,r12,r12,r12,r12,r12,,,,,,,,,,,,,,,,,,,,,,,,,,,,,,,,,,,,,,,,,,,,,,,,,,,,,,,,,,,,,,,,,,,,,,,,,,,,,,,,,,,,,,,,,,,
state 12,r13,r13,r13,r13,r13,r13,r13,r13,r13,r13,r13,r13,r13,r13,r13,r13,r13,r13,r13,r13,r13,r13,r13,r13,r13,r13,r13,r13,r13,r13,,,,,,,,,,,,,,,,,,,,,,,,,,,,,,,,,,,,,,,,,,,,,,,,,,,,,,,,,,,,,,,,,,,,,,,,,,,,,,,,,,,,,,,,,,,
state 13,r14,r14,r14,r14,r14,r14,r14,r14,r14,r14,r14,r14,r14,r14,r14,r14,r14,r14,r14,r14,r14,r14,r14,r14,r14,r14,r14,r14,r14,r14,,,,,,,,,,,,,,,,,,,,,,,,,,,,,,,,,,,,,,,,,,,,,,,,,,,,,,,,,,,,,,,,,,,,,,,,,,,,,,,,,,,,,,,,,,,
state 14,r15,r15,r15,r15,r15,r15,r15,r15,r15,r15,r15,r15,r15,r15,r15,r15,r15,r15,r15,r15,r15,r15,r15,r15,r15,r15,r15,r15,r15,r15,,,,,,,,,,,,,,,,,,,,,,,,,,,,,,,,,,,,,,,,,,,,,,,,,,,,,,,,,,,,,,,,,,,,,,,,,,,,,,,,,,,,,,,,,,,
state 15,r16,r16,r16,r16,r16,r16,r16,r16,r16,r16,r16,r16,r16,r16,r16,r16,r16,r16,r16,r16,r16,r16,r16,r16,r16,r16,r16,r16,r16,r16,,,,,,,,,,,,,,,,,,,,,,,,,,,,,,,,,,,,,,,,,,,,,,,,,,,,,,,,,,,,,,,,,,,,,,,,,,,,,,,,,,,,,,,,,,,
state 16,,,,,,,,,,,,,,,,,,,,,,,,,,,,,,,s71,,,,,,,,,,,,,,,,,,,,,,,,,,,,,,,,,,,,,,,,,,,,,,,,,,,,,,,,,,,,,,,,,,,,,,,,,,,,,,,,,,,,,,,,,,
state 17,r50,r50,r50,r50,r50,r50,r50,r50,r50,r50,r50,r50,r50,r50,r50,r50,r50,r50,r50,r50,r50,r50,r50,r50,r50,r50,r50,r50,r50,r50,,r50,r50,,,,,,,,,,,,,,,,,,,,,,,,,,,,,,,,,,,,,,,,,,,,,,,,,,,,,,,,,,,,,,,,,,,,,,,,,,,,,,,,,,,,,,,,
state 18,r51,r51,r51,r51,r51,r51,r51,r51,r51,r51,r51,r51,r51,r51,r51,r51,r51,r51,r51,r51,r51,r51,r51,r51,r51,r51,r51,r51,r51,r51,,r51,r51,,,,,,,,,,,,,,,,,,,,,,,,,,,,,,,,,,,,,,,,,,,,,,,,,,,,,,,,,,,,,,,,,,,,,,,,,,,,,,,,,,,,,,,,
state 19,r52,r52,r52,r52,r52,r52,r52,r52,r52,r52,r52,r52,r52,r52,r52,r52,r52,r52,r52,r52,r52,r52,r52,r52,r52,r52,r52,r52,r52,r52,,r52,r52,,,,,,,,,,,,,,,,,,,,,,,,,,,,,,,,,,,,,,,,,,,,,,,,,,,,,,,,,,,,,,,,,,,,,,,,,,,,,,,,,,,,,,,,
state 20,,,,,,,,,,,,,,,,,,,,,,,,,,,,,,,s72,,,,,,,,,,,,,,,,,,,,,,,,,,,,,,,,,,,,,,,,,,,,,,,,,,,,,,,,,,,,,,,,,,,,,,,,,,,,,,,,,,,,,,,,,,
state 21,,,,,,,,,,,,,,,,,,,,,,,,,,,,,,,r31,,,s73,,,,,,,,,,,,,,,,,,,,,,,,,,,,,,,,,,,,,,,,,,,,,,,,,,,,,,,,,,,,,,,,,,,,,,,,,,,,,,,,,,,,,,,
state 22,,,,,,,,,,,,,,,,,,,,,,,,,,,,,,,r69,,,,,,,,,,,,,,,,,,,,,,,,,,,,,,,,,,,,,,,,,,,,,,,,,,,,,,,,,,,,,,,,,,,,,,,,,,,,,,,,,,,,,,,,,,
state 23,,,,,,,,,,,,,,,,,,,,,,,,,,,,,,,r70,,,,,,,,,,,,,,,,,,,,,,,,,,,,,,,,,,,,,,,,,,,,,,,,,,,,,,,,,,,,,,,,,,,,,,,,,,,,,,,,,,,,,,,,,,
state 24,,,,,,,,,,,,,,,,,,,,,,,,,,,,,,,r71,,,,,,,,,,,,,,,,,,,,,,,,,,,,,,,,,,,,,,,,,,,,,,,,,,,,,,,,,,,,,,,,,,,,,,,,,,,,,,,,,,,,,,,,,,
state 25,,,,,,,,,,,,,,,,,,,,,,,,,,,,,,,r72,,,,s74,s75,,,,,,,,,,,,,,,,,,,,,,,,,,,,,,,,,,,,,,,,,,,,,,,,,,,,,,,,,,,,,,,,,,,,,,,,,,,,,,,,,,,,,
state 26,,,,,,,,,,,,,,,,,,,,r86,,,,,,,,,,r86,r86,,,,r86,r86,r86,r86,r86,s76,s77,s78,r86,r86,r86,r86,r86,r86,r86,r86,r86,r86,r86,r86,r86,,,,,,,,,,,,,,,,,,,,,,,,,,,,,,,,,,,,,,,,,,,,,,,,,,,,,,,,,,,,,,,,,,
state 27,,,,,,,,,,,,,,,,,,,,r90,,,,,,,,,,r90,r90,,,,r90,r90,r90,r90,r90,r90,r90,r90,r90,r90,r90,r90,r90,r90,r90,r90,r90,r90,r90,r90,r90,,,,,,,,,,,,,,,,,,,,,,,,,,,,,,,,,,,,,,,,,,,,,,,,,,,,,,,,,,,,,,,,,,
state 28,,,,,,,,,,,,,,,,,,,,r93,,,,,,,,,,r93,r93,,,,r93,r93,r93,r93,r93,r93,r93,r93,s79,s80,r93,r93,r93,r93,r93,r93,r93,r93,r93,r93,r93,,,,,,,,,,,,,,,,,,,,,,,,,,,,,,,,,,,,,,,,,,,,,,,,,,,,,,,,,,,,,,,,,,
state 29,,,,,,,,,,,,,,,,,,,,r98,,,,,,,,,,r98,r98,,,,r98,r98,r98,r98,r98,r98,r98,r98,r98,r98,s81,s82,s83,s84,s85,s86,r98,r98,r98,r98,r98,,,,,,,,,,,,,,,,,,,,,,,,,,,,,,,,,,,,,,,,,,,,,,,,,,,,,,,,,,,,,,,,,,
state 30,,,,,,,,,,,,,,,,,,,,s88,,,,,,,,,,r101,r101,,,,r101,r101,r101,r101,r101,r101,r101,r101,r101,r101,r101,r101,r101,r101,r101,r101,s87,r101,r101,r101,r101,,,,,,,,,,,,,,,,,,,,,,,,,,,,,,,,,,,,,,,,,,,,,,,,,,,,,,,,,,,,,,,,,,
state 31,,,,,,,,,,,,,,,,,,,,r104,,,,,,,,,,r104,r104,,,,r104,r104,r104,r104,r104,r104,r104,r104,r104,r104,r104,r104,r104,r104,r104,r104,r104,s89,s90,s91,r104,,,,,,,,,,,,,,,,,,,,,,,,,,,,,,,,,,,,,,,,,,,,,,,,,,,,,,,,,,,,,,,,,,
state 32,,,,,,,,,,,,,,,,,,,,r108,,,,,,,,,,r108,r108,,,,r108,r108,r108,r108,r108,r108,r108,r108,r108,r108,r108,r108,r108,r108,r108,r108,r108,r108,r108,r108,r108,,,,,,,,,,,,,,,,,,,,,,,,,,,,,,,,,,,,,,,,,,,,,,,,,,,,,,,,,,,,,,,,,,
state 33,,,,,,,,,,,,,,,,,,,,r111,,,,,,,,,,r111,r111,,,,r111,r111,r111,r111,r111,r111,r111,r111,r111,r111,r111,r111,r111,r111,r111,r111,r111,r111,r111,r111,r111,,,,,,,,,,,,,,,,,,,,,,,,,,,,,,,,,,,,,,,,,,,,,,,,,,,,,,,,,,,,,,,,,,
state 34,,,,,,,,,,,,,,,,,,,,r113,,,,,,,,,,r113,r113,,,,r113,r113,r113,r113,r113,r113,r113,r113,r113,r113,r113,r113,r113,r113,r113,r113,r113,r113,r113,r113,s92,,,,,,,,,,,,,,,,,,,,,,,,,,,,,,,,,,,,,,,,,,,,,,,,,,,,,,,,,,,,,,,,,,
state 35,,,,,,,,,,,,,,,,,,,s94,r114,,,,,,,,,s95,r114,r114,,,,r114,r114,r114,r114,r114,r114,r114,r114,r114,r114,r114,r114,r114,r114,r114,r114,r114,r114,r114,r114,r114,s93,,,,,,,,,,,,,,,,,,,,,,,,,,,,,,,,,,,,,,,,,,,,,,,,,,,,,,,,,,,,,,,,,
state 36,,,,,,,,,,,,,,,,,,,,r115,,,,,,,,,,r115,r115,,,,r115,r115,r115,r115,r115,r115,r115,r115,r115,r115,r115,r115,r115,r115,r115,r115,r115,r115,r115,r115,r115,,,,,,,,,,,,,,,,,,,,,,,,,,,,,,,,,,,,,,,,,,,,,,,,,,,,,,,,,,,,,,,,,,
state 37,,,,,,,,,,,,,,,,,,,,r116,,,,,,,,,,r116,r116,,,,r116,r116,r116,r116,r116,r116,r116,r116,r116,r116,r116,r116,r116,r116,r116,r116,r116,r116,r116,r116,r116,,,,,,,,,,,,,,,,,,,,,,,,,,,,,,,,,,,,,,,,,,,,,,,,,,,,,,,,,,,,,,,,,,
state 38,,,,,,,,,,,,,,,,,,,,r117,,,,,,,,,,r117,r117,,,,r117,r117,r117,r117,r117,r117,r117,r117,r117,r117,r117,r117,r117,r117,r117,r117,r117,r117,r117,r117,r117,,,,,,,,,,,,,,,,,,,,,,,,,,,,,,,,,,,,,,,,,,,,,,,,,,,,,,,,,,,,,,,,,,
state 39,,,,,,,,,,,,,,,,,,,s101,r130,,,s96,s97,,,,,s100,r130,r130,,,s98,r130,r130,r130,r130,r130,r130,r130,r130,r130,r130,r130,r130,r130,r130,r130,r130,r130,r130,r130,r130,r130,s99,,,,,,,,,,,,,,,,,,,,,,,,,,,,,,,,,,,,,,,,,,,,,,,,,,,,,,,,,,,,,,,,,
state 40,r1,,,,,,,,,,,,,,,,,,,,,,,,,,,,,,,,,,,,,,,,,,,,,,,,,,,,,,,,,,,,,,,,,,,,,,,,,,,,,,,,,,,,,,,,,,,,,,,,,,,,,,,,,,,,,,,,,,,,,,,,
state 41,,,,,,,,,,,,,,,,,,,,,,,,,,,,,,,s102,,,,,,,,,,,,,,,,,,,,,,,,,,,,,,,,,,,,,,,,,,,,,,,,,,,,,,,,,,,,,,,,,,,,,,,,,,,,,,,,,,,,,,,,,,
state 42,,,,,,,,,,,,,,,,,,,,,,,,,s103,s104,,,,,,,,,,,,,,,,,,,,,,,,,,,,,,,,,,,,,,,,,,,,,,,,,,,,,,,,,,,,,,,,,,,,,,,,,,,,,,,,,,,,,,,,,,,,,,,
state 43,,,,,,,,,,,,,,,,,,,,,,,,,,,,,,,s105,,,,,,,,,,,,,,,,,,,,,,,,,,,,,,,,,,,,,,,,,,,,,,,,,,,,,,,,,,,,,,,,,,,,,,,,,,,,,,,,,,,,,,,,,,
state 44,,,,,,,,,,,,,,,,,,,,,,,,,,,,,,,s106,,,,,,,,,,,,,,,,,,,,,,,,,,,,,,,,,,,,,,,,,,,,,,,,,,,,,,,,,,,,,,,,,,,,,,,,,,,,,,,,,,,,,,,,,,
state 45,,,,,,,,,,,,,,,,,,,,,,,,,s107,,,,,,,,,,,,,,,,,,,,,,,,,,,,,,,,,,,,,,,,,,,,,,,,,,,,,,,,,,,,,,,,,,,,,,,,,,,,,,,,,,,,,,,,,,,,,,,,
state 46,,,,,,,,,,,,,,,,,,,,,,,,,,,,,s108,,,,,,,,,,,,,,,,,,,,,,,,,,,,,,,,,,,,,,,,,,,,,,,,,,,,,,,,,,,,,,,,,,,,,,,,,,,,,,,,,,,,,,,,,,,,
state 47,,,,,,,,,,,,,,,,,,,,,,s109,,,,,,,,,,,,,,,,,,,,,,,,,,,,,,,,,,,,,,,,,,,,,,,,,,,,,,,,,,,,,,,,,,,,,,,,,,,,,,,,,,,,,,,,,,,,,,,,,,,
state 48,,s41,s42,s43,s44,s45,s46,s47,s48,s49,s50,s51,s52,s53,s54,s55,s56,s57,s58,s59,s60,s115,s62,s63,s64,s65,s66,s67,s68,s114,,,,,,,,,,,,,,,,,,,,,,,,,,,,,,,,,,,,,,110,112,4,5,6,7,8,9,10,11,12,13,14,15,16,17,18,19,20,21,22,23,24,25,26,27,28,29,30,31,32,33,34,35,36,37,38,39,111,113,,,,,,,,,,,,,,
state 49,,,,,,,,,s118,,,,,,,,,s57,s58,s59,s60,s61,s62,s63,s64,s65,s66,s67,s68,,s117,,,,,,,,,,,,,,,,,,,,,,,,,,,,,,,,,,,,,,,,,,,,,,,,,,,,,,,116,,22,23,24,25,26,27,28,29,30,31,32,33,34,35,36,37,38,39,,,,,,,,,,,,,,,,
state 50,,,,,,,,,s120,,,,,,,,,,,,,,,,,,,,,,,,,,,,,,,,,,,,,,,,,,,,,,,,,,,,,,,,,,,,,,,,,119,,,,,,,,,,,,,,,,,,,,,,,,,,,,,,,,,,,,,,,,,,,,,,,
state 51,,,,,,,,,,,,,,,,,,,,,,,,,s121,,,,,,,,,,,,,,,,,,,,,,,,,,,,,,,,,,,,,,,,,,,,,,,,,,,,,,,,,,,,,,,,,,,,,,,,,,,,,,,,,,,,,,,,,,,,,,,,
state 52,,,,,,,,,,,,,,,,,,,,,,,,,,,,,s122,,,,,,,,,,,,,,,,,,,,,,,,,,,,,,,,,,,,,,,,,,,,,,,,,,,,,,,,,,,,,,,,,,,,,,,,,,,,,,,,,,,,,,,,,,,,
state 53,,,,,,,,,,,,,,,,,,,,,,s123,,,,,,,,,,,,,,,,,,,,,,,,,,,,,,,,,,,,,,,,,,,,,,,,,,,,,,,,,,,,,,,,,,,,,,,,,,,,,,,,,,,,,,,,,,,,,,,,,,,
state 54,,,,,,,,,,,,,,,,,,,,,,,,,,,,,s124,,,,,,,,,,,,,,,,,,,,,,,,,,,,,,,,,,,,,,,,,,,,,,,,,,,,,,,,,,,,,,,,,,,,,,,,,,,,,,,,,,,,,,,,,,,,
state 55,,,,,,,,,,,,,,,,,,,,,,,,,,,,,s125,,,,,,,,,,,,,,,,,,,,,,,,,,,,,,,,,,,,,,,,,,,,,,,,,,,,,,,,,,,,,,,,,,,,,,,,,,,,,,,,,,,,,,,,,,,,
state 56,,,,,,,,,,,,,,,,,,,,,,s126,,,,,,,,,,,,,,,,,,,,,,,,,,,,,,,,,,,,,,,,,,,,,,,,,,,,,,,,,,,,,,,,,,,,,,,,,,,,,,,,,,,,,,,,,,,,,,,,,,,
state 57,,,,,,,,,,,,,,,,,,,,,,,,,,,,,s127,,,,,,,,,,,,,,,,,,,,,,,,,,,,,,,,,,,,,,,,,,,,,,,,,,,,,,,,,,,,,,,,,,,,,,,,,,,,,,,,,,,,,,,,,,,,
state 58,,,,,,,,,s118,,,,,,,,,s57,s58,s59,s60,s61,s62,s63,s64,s65,s66,s67,s68,,,,,,,,,s134,,,,,,,,,,,,,,,,,,,,,,,,,,,,,,,,,,,,,,,,,,,,,,,,129,,130,131,132,133,26,27,28,29,30,31,32,33,34,35,36,37,38,39,,,128,,,,,,,,,,,,,
state 59,,,,,,,,,,,,,,,,,,,,,,s61,s62,s63,s64,s65,s66,s67,s68,,,,,,,,,,,,,,,,,,,,,,,,,,,,,,,,,,,,,,,,,,,,,,,,,,,,,,,,,,,,,,,,,,,,,,135,34,35,36,37,38,39,,,,,,,,,,,,,,,,
state 60,,,,,,,,,,,,,,,,,,,,,,s61,s62,s63,s64,s65,s66,s67,s68,,,,,,,,,,,,,,,,,,,,,,,,,,,,,,,,,,,,,,,,,,,,,,,,,,,,,,,,,,,,,,,,,,,,,,136,34,35,36,37,38,39,,,,,,,,,,,,,,,,
state 61,,,,,,,,,,,,,,,,,,,r123,r123,,,r123,r123,,,,,r123,r123,r123,,,r123,r123,r123,r123,r123,r123,r123,r123,r123,r123,r123,r123,r123,r123,r123,r123,r123,r123,r123,r123,r123,r123,r123,,,,,,,,,,,,,,,,,,,,,,,,,,,,,,,,,,,,,,,,,,,,,,,,,,,,,,,,,,,,,,,,,
state 62,,,,,,,,,,,,,,,,,,,,,,s138,,,,,,,,,,,,,,,,,,,,,,,,,,,,,,,,,,,,,,,,,,,,,,,,,,,,,,,,,,,,,,,,,,,,,,,,,,,,,,,,,,,137,,,,,,,,,,,,,,,,
state 63,,,,,,,,,,,,,,,,,,,,,,s138,,,,,,,,,,,,,,,,,,,,,,,,,,,,,,,,,,,,,,,,,,,,,,,,,,,,,,,,,,,,,,,,,,,,,,,,,,,,,,,,,,,139,,,,,,,,,,,,,,,,
state 64,,,,,,,,,,,,,,,,,,,,r135,,,,,,,,,,r135,r135,,,,r135,r135,r135,r135,r135,r135,r135,r135,r135,r135,r135,r135,r135,r135,r135,r135,r135,r135,r135,r135,r135,,,,,,,,,,,,,,,,,,,,,,,,,,,,,,,,,,,,,,,,,,,,,,,,,,,,,,,,,,,,,,,,,,
state 65,,,,,,,,,,,,,,,,,,,,r136,,,,,,,,,,r136,r136,,,,r136,r136,r136,r136,r136,r136,r136,r136,r136,r136,r136,r136,r136,r136,r136,r136,r136,r136,r136,r136,r136,,,,,,,,,,,,,,,,,,,,,,,,,,,,,,,,,,,,,,,,,,,,,,,,,,,,,,,,,,,,,,,,,,
state 66,,,,,,,,,,,,,,,,,,,,r137,,,,,,,,,,r137,r137,,,,r137,r137,r137,r137,r137,r137,r137,r137,r137,r137,r137,r137,r137,r137,r137,r137,r137,r137,r137,r137,r137,,,,,,,,,,,,,,,,,,,,,,,,,,,,,,,,,,,,,,,,,,,,,,,,,,,,,,,,,,,,,,,,,,
state 67,,,,,,,,,,,,,,,,,,,,r138,,,,,,,,,,r138,r138,,,,r138,r138,r138,r138,r138,r138,r138,r138,r138,r138,r138,r138,r138,r138,r138,r138,r138,r138,r138,r138,r138,,,,,,,,,,,,,,,,,,,,,,,,,,,,,,,,,,,,,,,,,,,,,,,,,,,,,,,,,,,,,,,,,,
state 68,,,,,,,,,s118,,,,,,,,,s57,s58,s59,s60,s61,s62,s63,s64,s65,s66,s67,s68,,,,,,,,,,,,,,,,,,,,,,,,,,,,,,,,,,,,,,,,,,,,,,,,,,,,,,,,,140,,141,142,143,144,26,27,28,29,30,31,32,33,34,35,36,37,38,39,,,,,,,,,,,,,,,,
state 69,r3,r3,r3,r3,r3,r3,r3,r3,r3,r3,r3,r3,r3,r3,r3,r3,r3,r3,r3,r3,r3,r3,r3,r3,r3,r3,r3,r3,r3,,,,,,,,,,,,,,,,,,,,,,,,,,,,,,,,,,,,,,,,,,,,,,,,,,,,,,,,,,,,,,,,,,,,,,,,,,,,,,,,,,,,,,,,,,,,
state 70,r2,,,,,,,,,,,,,,,,,,,,,,,,,,,,,,,,,,,,,,,,,,,,,,,,,,,,,,,,,,,,,,,,,,,,,,,,,,,,,,,,,,,,,,,,,,,,,,,,,,,,,,,,,,,,,,,,,,,,,,,,
state 71,r30,r30,r30,r30,r30,r30,r30,r30,r30,r30,r30,r30,r30,r30,r30,r30,r30,r30,r30,r30,r30,r30,r30,r30,r30,r30,r30,r30,r30,r30,,r30,r30,,,,,,,,,,,,,,,,,,,,,,,,,,,,,,,,,,,,,,,,,,,,,,,,,,,,,,,,,,,,,,,,,,,,,,,,,,,,,,,,,,,,,,,,
state 72,r68,r68,r68,r68,r68,r68,r68,r68,r68,r68,r68,r68,r68,r68,r68,r68,r68,r68,r68,r68,r68,r68,r68,r68,r68,r68,r68,r68,r68,r68,,r68,r68,,,,,,,,,,,,,,,,,,,,,,,,,,,,,,,,,,,,,,,,,,,,,,,,,,,,,,,,,,,,,,,,,,,,,,,,,,,,,,,,,,,,,,,,
state 73,,,,,,,,,s118,,,,,,,,,s57,s58,s59,s60,s61,s62,s63,s64,s65,s66,s67,s68,,,,,,,,,,,,,,,,,,,,,,,,,,,,,,,,,,,,,,,,,,,,,,,,,,,,,,,,,145,,146,147,148,149,26,27,28,29,30,31,32,33,34,35,36,37,38,39,,,,,,,,,,,,,,,,
state 74,,,,,,,,,,,,,,,,,,,,s59,s60,s61,s62,s63,s64,s65,s66,s67,s68,,,,,,,,,,,,,,,,,,,,,,,,,,,,,,,,,,,,,,,,,,,,,,,,,,,,,,,,,,,,,,,150,27,28,29,30,31,32,33,34,35,36,37,38,39,,,,,,,,,,,,,,,,
state 75,,,,,,,,,,,,,,,,,,,,s59,s60,s61,s62,s63,s64,s65,s66,s67,s68,,,,,,,,,,,,,,,,,,,,,,,,,,,,,,,,,,,,,,,,,,,,,,,,,,,,,,,,,,,,,,,151,27,28,29,30,31,32,33,34,35,36,37,38,39,,,,,,,,,,,,,,,,
state 76,,,,,,,,,,,,,,,,,,,,s59,s60,s61,s62,s63,s64,s65,s66,s67,s68,,,,,,,,,,,,,,,,,,,,,,,,,,,,,,,,,,,,,,,,,,,,,,,,,,,,,,,,,,,,,,,,152,28,29,30,31,32,33,34,35,36,37,38,39,,,,,,,,,,,,,,,,
state 77,,,,,,,,,,,,,,,,,,,,s59,s60,s61,s62,s63,s64,s65,s66,s67,s68,,,,,,,,,,,,,,,,,,,,,,,,,,,,,,,,,,,,,,,,,,,,,,,,,,,,,,,,,,,,,,,,153,28,29,30,31,32,33,34,35,36,37,38,39,,,,,,,,,,,,,,,,
state 78,,,,,,,,,,,,,,,,,,,,s59,s60,s61,s62,s63,s64,s65,s66,s67,s68,,,,,,,,,,,,,,,,,,,,,,,,,,,,,,,,,,,,,,,,,,,,,,,,,,,,,,,,,,,,,,,,154,28,29,30,31,32,33,34,35,36,37,38,39,,,,,,,,,,,,,,,,
state 79,,,,,,,,,,,,,,,,,,,,s59,s60,s61,s62,s63,s64,s65,s66,s67,s68,,,,,,,,,,,,,,,,,,,,,,,,,,,,,,,,,,,,,,,,,,,,,,,,,,,,,,,,,,,,,,,,,155,156,30,31,32,33,34,35,36,37,38,39,,,,,,,,,,,,,,,,
state 80,,,,,,,,,,,,,,,,,,,,s59,s60,s61,s62,s63,s64,s65,s66,s67,s68,,,,,,,,,,,,,,,,,,,,,,,,,,,,,,,,,,,,,,,,,,,,,,,,,,,,,,,,,,,,,,,,,157,156,30,31,32,33,34,35,36,37,38,39,,,,,,,,,,,,,,,,
state 81,,,,,,,,,,,,,,,,,,,,s59,s60,s61,s62,s63,s64,s65,s66,s67,s68,,,,,,,,,,,,,,,,,,,,,,,,,,,,,,,,,,,,,,,,,,,,,,,,,,,,,,,,,,,,,,,,,,158,159,31,32,33,34,35,36,37,38,39,,,,,,,,,,,,,,,,
state 82,,,,,,,,,,,,,,,,,,,,s59,s60,s61,s62,s63,s64,s65,s66,s67,s68,,,,,,,,,,,,,,,,,,,,,,,,,,,,,,,,,,,,,,,,,,,,,,,,,,,,,,,,,,,,,,,,,,160,159,31,32,33,34,35,36,37,38,39,,,,,,,,,,,,,,,,
state 83,,,,,,,,,,,,,,,,,,,,s59,s60,s61,s62,s63,s64,s65,s66,s67,s68,,,,,,,,,,,,,,,,,,,,,,,,,,,,,,,,,,,,,,,,,,,,,,,,,,,,,,,,,,,,,,,,,,161,159,31,32,33,34,35,36,37,38,39,,,,,,,,,,,,,,,,
state 84,,,,,,,,,,,,,,,,,,,,s59,s60,s61,s62,s63,s64,s65,s66,s67,s68,,,,,,,,,,,,,,,,,,,,,,,,,,,,,,,,,,,,,,,,,,,,,,,,,,,,,,,,,,,,,,,,,,162,159,31,32,33,34,35,36,37,38,39,,,,,,,,,,,,,,,,
state 85,,,,,,,,,,,,,,,,,,,,s59,s60,s61,s62,s63,s64,s65,s66,s67,s68,,,,,,,,,,,,,,,,,,,,,,,,,,,,,,,,,,,,,,,,,,,,,,,,,,,,,,,,,,,,,,,,,,,163,31,32,33,34,35,36,37,38,39,,,,,,,,,,,,,,,,
state 86,,,,,,,,,,,,,,,,,,,,s59,s60,s61,s62,s63,s64,s65,s66,s67,s68,,,,,,,,,,,,,,,,,,,,,,,,,,,,,,,,,,,,,,,,,,,,,,,,,,,,,,,,,,,,,,,,,,,164,31,32,33,34,35,36,37,38,39,,,,,,,,,,,,,,,,
state 87,,,,,,,,,,,,,,,,,,,,s59,s60,s61,s62,s63,s64,s65,s66,s67,s68,,,,,,,,,,,,,,,,,,,,,,,,,,,,,,,,,,,,,,,,,,,,,,,,,,,,,,,,,,,,,,,,,,,,165,32,33,34,35,36,37,38,39,,,,,,,,,,,,,,,,
state 88,,,,,,,,,,,,,,,,,,,,s59,s60,s61,s62,s63,s64,s65,s66,s67,s68,,,,,,,,,,,,,,,,,,,,,,,,,,,,,,,,,,,,,,,,,,,,,,,,,,,,,,,,,,,,,,,,,,,,166,32,33,34,35,36,37,38,39,,,,,,,,,,,,,,,,
state 89,,,,,,,,,,,,,,,,,,,,s59,s60,s61,s62,s63,s64,s65,s66,s67,s68,,,,,,,,,,,,,,,,,,,,,,,,,,,,,,,,,,,,,,,,,,,,,,,,,,,,,,,,,,,,,,,,,,,,,167,33,34,35,36,37,38,39,,,,,,,,,,,,,,,,
state 90,,,,,,,,,,,,,,,,,,,,s59,s60,s61,s62,s63,s64,s65,s66,s67,s68,,,,,,,,,,,,,,,,,,,,,,,,,,,,,,,,,,,,,,,,,,,,,,,,,,,,,,,,,,,,,,,,,,,,,168,33,34,35,36,37,38,39,,,,,,,,,,,,,,,,
state 91,,,,,,,,,,,,,,,,,,,,s59,s60,s61,s62,s63,s64,s65,s66,s67,s68,,,,,,,,,,,,,,,,,,,,,,,,,,,,,,,,,,,,,,,,,,,,,,,,,,,,,,,,,,,,,,,,,,,,,169,33,34,35,36,37,38,39,,,,,,,,,,,,,,,,
state 92,,,,,,,,,,,,,,,,,,,,,,s61,s62,s63,s64,s65,s66,s67,s68,,,,,,,,,,,,,,,,,,,,,,,,,,,,,,,,,,,,,,,,,,,,,,,,,,,,,,,,,,,,,,,,,,,,,,170,34,35,36,37,38,39,,,,,,,,,,,,,,,,
state 93,,,,,,,,,,,,,,,,,,,,,,s171,,,,,,,,,,,,,,,,,,,,,,,,,,,,,,,,,,,,,,,,,,,,,,,,,,,,,,,,,,,,,,,,,,,,,,,,,,,,,,,,,,,,,,,,,,,,,,,,,,,
state 94,,,,,,,,,s118,,,,,,,,,s57,s58,s59,s60,s61,s62,s63,s64,s65,s66,s67,s68,,,,,,,,,,,,,,,,,,,,,,,,,,,,,,,,,,,,,,,,,,,,,,,,,,,,,,,,,172,,173,174,175,176,26,27,28,29,30,31,32,33,34,35,36,37,38,39,,,,,,,,,,,,,,,,
state 95,,,,,,,,,s118,,,,,,,,,s57,s58,s59,s60,s61,s62,s63,s64,s65,s66,s67,s68,,,,,,,,s179,,,,,,,,,,,,,,,,,,,,,,,,,,,,,,,,,,,,,,,,,,,,,,,,,178,,130,131,132,133,26,27,28,29,30,31,32,33,34,35,36,37,38,39,,,177,,,,,,,,,,,,,
state 96,,,,,,,,,,,,,,,,,,,,r118,,,,,,,,,,r118,r118,,,,r118,r118,r118,r118,r118,r118,r118,r118,r118,r118,r118,r118,r118,r118,r118,r118,r118,r118,r118,r118,r118,,,,,,,,,,,,,,,,,,,,,,,,,,,,,,,,,,,,,,,,,,,,,,,,,,,,,,,,,,,,,,,,,,
state 97,,,,,,,,,,,,,,,,,,,,r119,,,,,,,,,,r119,r119,,,,r119,r119,r119,r119,r119,r119,r119,r119,r119,r119,r119,r119,r119,r119,r119,r119,r119,r119,r119,r119,r119,,,,,,,,,,,,,,,,,,,,,,,,,,,,,,,,,,,,,,,,,,,,,,,,,,,,,,,,,,,,,,,,,,
state 98,,,,,,,,,s118,,,,,,,,,s57,s58,s59,s60,s61,s62,s63,s64,s65,s66,s67,s68,,,,,,,,,,,,,,,,,,,,,,,,,,,,,,,,,,,,,,,,,,,,,,,,,,,,,,,,,180,,181,182,183,184,26,27,28,29,30,31,32,33,34,35,36,37,38,39,,,,,,,,,,,,,,,,
state 99,,,,,,,,,,,,,,,,,,,,,,s185,,,,,,,,,,,,,,,,,,,,,,,,,,,,,,,,,,,,,,,,,,,,,,,,,,,,,,,,,,,,,,,,,,,,,,,,,,,,,,,,,,,,,,,,,,,,,,,,,,,
state 100,,,,,,,,,s118,,,,,,,,,s57,s58,s59,s60,s61,s62,s63,s64,s65,s66,s67,s68,,,,,,,,s187,,,,,,,,,,,,,,,,,,,,,,,,,,,,,,,,,,,,,,,,,,,,,,,,,178,,130,131,132,133,26,27,28,29,30,31,32,33,34,35,36,37,38,39,,,186,,,,,,,,,,,,,
state 101,,,,,,,,,s118,,,,,,,,,s57,s58,s59,s60,s61,s62,s63,s64,s65,s66,s67,s68,,,,,,,,,,,,,,,,,,,,,,,,,,,,,,,,,,,,,,,,,,,,,,,,,,,,,,,,,188,,173,174,175,176,26,27,28,29,30,31,32,33,34,35,36,37,38,39,,,,,,,,,,,,,,,,
state 102,r17,r17,r17,r17,r17,r17,r17,r17,r17,r17,r17,r17,r17,r17,r17,r17,r17,r17,r17,r17,r17,r17,r17,r17,r17,r17,r17,r17,r17,r17,,,,,,,,,,,,,,,,,,,,,,,,,,,,,,,,,,,,,,,,,,,,,,,,,,,,,,,,,,,,,,,,,,,,,,,,,,,,,,,,,,,,,,,,,,,
state 103,,,,,,,,,,,,,,,,,,,,,,,,,,,,,,,s189,,,,,,,,,,,,,,,,,,,,,,,,,,,,,,,,,,,,,,,,,,,,,,,,,,,,,,,,,,,,,,,,,,,,,,,,,,,,,,,,,,,,,,,,,,
state 104,,,,,,,,,,,,,,,,,,,,,,,,,,,,,,,s190,,,,,,,,,,,,,,,,,,,,,,,,,,,,,,,,,,,,,,,,,,,,,,,,,,,,,,,,,,,,,,,,,,,,,,,,,,,,,,,,,,,,,,,,,,
state 105,r20,r20,r20,r20,r20,r20,r20,r20,r20,r20,r20,r20,r20,r20,r20,r20,r20,r20,r20,r20,r20,r20,r20,r20,r20,r20,r20,r20,r20,r20,,,,,,,,,,,,,,,,,,,,,,,,,,,,,,,,,,,,,,,,,,,,,,,,,,,,,,,,,,,,,,,,,,,,,,,,,,,,,,,,,,,,,,,,,,,
state 106,r21,r21,r21,r21,r21,r21,r21,r21,r21,r21,r21,r21,r21,r21,r21,r21,r21,r21,r21,r21,r21,r21,r21,r21,r21,r21,r21,r21,r21,r21,,,,,,,,,,,,,,,,,,,,,,,,,,,,,,,,,,,,,,,,,,,,,,,,,,,,,,,,,,,,,,,,,,,,,,,,,,,,,,,,,,,,,,,,,,,
state 107,,,,,,,,,,,,,,,,,,,,,,,,,,,,,,,s191,,,,,,,,,,,,,,,,,,,,,,,,,,,,,,,,,,,,,,,,,,,,,,,,,,,,,,,,,,,,,,,,,,,,,,,,,,,,,,,,,,,,,,,,,,
state 108,,,,,,,,,s118,,,,,,,,,s57,s58,s59,s60,s61,s62,s63,s64,s65,s66,s67,s68,,,,,,,,,,,,,,,,,,,,,,,,,,,,,,,,,,,,,,,,,,,,,,,,,,,,,,,,,192,,141,142,143,144,26,27,28,29,30,31,32,33,34,35,36,37,38,39,,,,,,,,,,,,,,,,
state 109,,,,,,,,,,,,,,,,,,,,,,,,,,,,,,,,,,,,,,,,,,,,,,,,,,,,,,,,,s193,,,,,,,,,,,,,,,,,,,,,,,,,,,,,,,,,,,,,,,,,,,,,,,,,,,,,,,,,,,,,,,,
state 110,,s41,s42,s43,s44,s45,s46,s47,s48,s49,s50,s51,s52,s53,s54,s55,s56,s57,s58,s59,s60,s61,s62,s63,s64,s65,s66,s67,s68,s195,,,,,,,,,,,,,,,,,,,,,,,,,,,,,,,,,,,,,,,194,4,5,6,7,8,9,10,11,12,13,14,15,16,17,18,19,20,21,22,23,24,25,26,27,28,29,30,31,32,33,34,35,36,37,38,39,,,,,,,,,,,,,,,,
state 111,,,,,,,,,,,,,,,,,,,,,,,,,,,,,,s196,,,,,,,,,,,,,,,,,,,,,,,,,,,,,,,,,,,,,,,,,,,,,,,,,,,,,,,,,,,,,,,,,,,,,,,,,,,,,,,,,,,,,,,,,,,
state 112,,r4,r4,r4,r4,r4,r4,r4,r4,r4,r4,r4,r4,r4,r4,r4,r4,r4,r4,r4,r4,r4,r4,r4,r4,r4,r4,r4,r4,r4,,,,,,,,,,,,,,,,,,,,,,,,,,,,,,,,,,,,,,,,,,,,,,,,,,,,,,,,,,,,,,,,,,,,,,,,,,,,,,,,,,,,,,,,,,,
state 113,,,,,,,,,,,,,,,,,,,,,,,,,,,,,,r82,,,,,,,,,s197,,,,,,,,,,,,,,,,,,,,,,,,,,,,,,,,,,,,,,,,,,,,,,,,,,,,,,,,,,,,,,,,,,,,,,,,,,,,,,,,,,
state 114,r35,r35,r35,r35,r35,r35,r35,r35,r35,r35,r35,r35,r35,r35,r35,r35,r35,r35,r35,r35,r35,r35,r35,r35,r35,r35,r35,r35,r35,r35,r35,r35,r35,,r35,r35,r35,r35,r35,r35,r35,r35,r35,r35,r35,r35,r35,r35,r35,r35,r35,r35,r35,r35,r35,,,,,,,,,,,,,,,,,,,,,,,,,,,,,,,,,,,,,,,,,,,,,,,,,,,,,,,,,,,,,,,,,,
state 115,,,,,,,,,,,,,,,,,,,r123,r123,,,r123,r123,,,,,r123,r123,r123,,,r123,r123,r123,r123,r123,r123,r123,r123,r123,r123,r123,r123,r123,r123,r123,r123,r123,r123,r123,r123,r123,r123,r123,s198,,,,,,,,,,,,,,,,,,,,,,,,,,,,,,,,,,,,,,,,,,,,,,,,,,,,,,,,,,,,,,,,
state 116,,,,,,,,,,,,,,,,,,,,,,,,,,,,,,,s199,,,,,,,,,,,,,,,,,,,,,,,,,,,,,,,,,,,,,,,,,,,,,,,,,,,,,,,,,,,,,,,,,,,,,,,,,,,,,,,,,,,,,,,,,,
state 117,r38,r38,r38,r38,r38,r38,r38,r38,r38,r38,r38,r38,r38,r38,r38,r38,r38,r38,r38,r38,r38,r38,r38,r38,r38,r38,r38,r38,r38,r38,,r38,r38,,,,,,,,,,,,,,,,,,,,,,,,,,,,,,,,,,,,,,,,,,,,,,,,,,,,,,,,,,,,,,,,,,,,,,,,,,,,,,,,,,,,,,,,
state 118,,,,,,,,,,,,,,,,,,,,,,s201,,,,,,,,s200,,,,,,,,,,,,,,,,,,,,,,,,,,,,,,,,,,,,,,,,,,,,,,,,,,,,,,,,,,,,,,,,,,,,,,,,,,,,111,113,,,,,,,,,,,,,,
state 119,,,,,,,,,,,,,,,,,,,,,,,,,,,,,,,,,,,,,,,,,,,,,,,,,,,,,,,,,,s202,,,,,,,,,,,,,,,,,,,,,,,,,,,,,,,,,,,,,,,,,,,,,,,,,,,,,,,,,,,,,,,
state 120,,s41,s42,s43,s44,s45,s46,s47,s48,s49,s50,s51,s52,s53,s54,s55,s56,s57,s58,s59,s60,s61,s62,s63,s64,s65,s66,s67,s68,s204,,,,,,,,,,,,,,,,,,,,,,,,,,,,,,,,,,,,,,203,112,4,5,6,7,8,9,10,11,12,13,14,15,16,17,18,19,20,21,22,23,24,25,26,27,28,29,30,31,32,33,34,35,36,37,38,39,,,,,,,,,,,,,,,,
state 121,,,,,,,,,,,,,,,,,,,,,,,,,,,,,,,s205,,,,,,,,,,,,,,,,,,,,,,,,,,,,,,,,,,,,,,,,,,,,,,,,,,,,,,,,,,,,,,,,,,,,,,,,,,,,,,,,,,,,,,,,,,
state 122,,,,,,,,,s118,,,,,,,,,s57,s58,s59,s60,s61,s62,s63,s64,s65,s66,s67,s68,,,,,,,,,,,,,,,,,,,,,,,,,,,,,,,,,,,,,,,,,,,,,,,,,,,,,,,,,206,,141,142,143,144,26,27,28,29,30,31,32,33,34,35,36,37,38,39,,,,,,,,,,,,,,,,
state 123,,,,,,,,,s207,,,,,,,,,,,,,,,,,,,,,,,,,,,,,,,,,,,,,,,,,,,,,,,,,,,,,,,,,,,,,,,,,,,,,,,,,,,,,,,,,,,,,,,,,,,,,,,,,,,,,,,,,,,,,,,,
state 124,,,,,,,,,,,,,,,,,s211,,,,,,,,,,,,,,s212,,,,,,,,,,,,,,,,,,,,,,,,,,,,,,,,,,,,,,,,,,,,,,,,,,,209,,,,,210,,,,,,,,,,,,,,,,,,,,,,208,,,,,,,,,,,,
state 125,,,,,,,,,s118,,,,,,,,,s57,s58,s59,s60,s61,s62,s63,s64,s65,s66,s67,s68,,,,,,,,s214,,,,,,,,,,,,,,,,,,,,,,,,,,,,,,,,,,,,,,,,,,,,,,,,,213,,141,142,143,144,26,27,28,29,30,31,32,33,34,35,36,37,38,39,,,,,,,,,,,,,,,,
state 126,,,,,,,,,,,,,,,,,,,,,,,,,,,,,,,,,,,,,,,,,,,,,,,,,,,,,,,,,s215,,,,,,,,,,,,,,,,,,,,,,,,,,,,,,,,,,,,,,,,,,,,,,,,,,,,,,,,,,,,,,,,
state 127,,,,,,,,,,,,,,,,,s219,,,,,,,,,,,,,,,,,,,,s218,,,,,,,,,,,,,,,,,,,,,,,,,,,,,,,,,,,,,,,,,,,,,,,,,,217,,,,,,,,,,,,,,,,,,,,,,,216,,,,,,,,,,,
state 128,,,,,,,,,,,,,,,,,,,,,,,,,,,,,,,,,,,,,,s220,,,,,,,,,,,,,,,,,,,,,,,,,,,,,,,,,,,,,,,,,,,,,,,,,,,,,,,,,,,,,,,,,,,,,,,,,,,,,,,,,,,
state 129,,,,,,,,,,,,,,,,,,,,,,,,,,,,,,,,,,,,,,r65,s221,,,,,,,,,,,,,,,,,,,,,,,,,,,,,,,,,,,,,,,,,,,,,,,,,,,,,,,,,,,,,,,,,,,,,,,,,,,,,,,,,,
state 130,,,,,,,,,,,,,,,,,,,,,,,,,,,,,,,,,,,,,r69,r69,r69,,,,,,,,,,,,,,,,,,,,,,,,,,,,,,,,,,,,,,,,,,,,,,,,,,,,,,,,,,,,,,,,,,,,,,,,,,,,,,,,,,
state 131,,,,,,,,,,,,,,,,,,,,,,,,,,,,,,,,,,,,,r70,r70,r70,,,,,,,,,,,,,,,,,,,,,,,,,,,,,,,,,,,,,,,,,,,,,,,,,,,,,,,,,,,,,,,,,,,,,,,,,,,,,,,,,,
state 132,,,,,,,,,,,,,,,,,,,,,,,,,,,,,,,,,,,,,r71,r71,r71,,,,,,,,,,,,,,,,,,,,,,,,,,,,,,,,,,,,,,,,,,,,,,,,,,,,,,,,,,,,,,,,,,,,,,,,,,,,,,,,,,
state 133,,,,,,,,,,,,,,,,,,,,,,,,,,,,,,,,,,,s74,s75,r72,r72,r72,,,,,,,,,,,,,,,,,,,,,,,,,,,,,,,,,,,,,,,,,,,,,,,,,,,,,,,,,,,,,,,,,,,,,,,,,,,,,,,,,,
state 134,,,,,,,,,,,,,,,,,,,,r78,,,,,,,,,,r78,r78,,,,r78,r78,r78,r78,r78,r78,r78,r78,r78,r78,r78,r78,r78,r78,r78,r78,r78,r78,r78,r78,r78,,,,,,,,,,,,,,,,,,,,,,,,,,,,,,,,,,,,,,,,,,,,,,,,,,,,,,,,,,,,,,,,,,
state 135,,,,,,,,,,,,,,,,,,,,r109,,,,,,,,,,r109,r109,,,,r109,r109,r109,r109,r109,r109,r109,r109,r109,r109,r109,r109,r109,r109,r109,r109,r109,r109,r109,r109,r109,,,,,,,,,,,,,,,,,,,,,,,,,,,,,,,,,,,,,,,,,,,,,,,,,,,,,,,,,,,,,,,,,,
state 136,,,,,,,,,,,,,,,,,,,,r110,,,,,,,,,,r110,r110,,,,r110,r110,r110,r110,r110,r110,r110,r110,r110,r110,r110,r110,r110,r110,r110,r110,r110,r110,r110,r110,r110,,,,,,,,,,,,,,,,,,,,,,,,,,,,,,,,,,,,,,,,,,,,,,,,,,,,,,,,,,,,,,,,,,
state 137,,,,,,,,,,,,,,,,,,,s224,r120,,,,,,,,,s223,r120,r120,,,,r120,r120,r120,r120,r120,r120,r120,r120,r120,r120,r120,r120,r120,r120,r120,r120,r120,r120,r120,r120,r120,s222,,,,,,,,,,,,,,,,,,,,,,,,,,,,,,,,,,,,,,,,,,,,,,,,,,,,,,,,,,,,,,,,,
state 138,,,,,,,,,,,,,,,,,,,r123,r123,,,,,,,,,r123,r123,r123,,,,r123,r123,r123,r123,r123,r123,r123,r123,r123,r123,r123,r123,r123,r123,r123,r123,r123,r123,r123,r123,r123,r123,,,,,,,,,,,,,,,,,,,,,,,,,,,,,,,,,,,,,,,,,,,,,,,,,,,,,,,,,,,,,,,,,
state 139,,,,,,,,,,,,,,,,,,,s224,r121,,,,,,,,,s223,r121,r121,,,,r121,r121,r121,r121,r121,r121,r121,r121,r121,r121,r121,r121,r121,r121,r121,r121,r121,r121,r121,r121,r121,s222,,,,,,,,,,,,,,,,,,,,,,,,,,,,,,,,,,,,,,,,,,,,,,,,,,,,,,,,,,,,,,,,,
state 140,,,,,,,,,,,,,,,,,,,,,,,,,,,,,,,,,,,,,s225,,,,,,,,,,,,,,,,,,,,,,,,,,,,,,,,,,,,,,,,,,,,,,,,,,,,,,,,,,,,,,,,,,,,,,,,,,,,,,,,,,,,
state 141,,,,,,,,,,,,,,,,,,,,,,,,,,,,,,,,,,,,,r69,,,,,,,,,,,,,,,,,,,,,,,,,,,,,,,,,,,,,,,,,,,,,,,,,,,,,,,,,,,,,,,,,,,,,,,,,,,,,,,,,,,,
state 142,,,,,,,,,,,,,,,,,,,,,,,,,,,,,,,,,,,,,r70,,,,,,,,,,,,,,,,,,,,,,,,,,,,,,,,,,,,,,,,,,,,,,,,,,,,,,,,,,,,,,,,,,,,,,,,,,,,,,,,,,,,
state 143,,,,,,,,,,,,,,,,,,,,,,,,,,,,,,,,,,,,,r71,,,,,,,,,,,,,,,,,,,,,,,,,,,,,,,,,,,,,,,,,,,,,,,,,,,,,,,,,,,,,,,,,,,,,,,,,,,,,,,,,,,,
state 144,,,,,,,,,,,,,,,,,,,,,,,,,,,,,,,,,,,s74,s75,r72,,,,,,,,,,,,,,,,,,,,,,,,,,,,,,,,,,,,,,,,,,,,,,,,,,,,,,,,,,,,,,,,,,,,,,,,,,,,,,,,,,,,
state 145,,,,,,,,,,,,,,,,,,,,,,,,,,,,,,,r32,,,,,,,,,,,,,,,,,,,,,,,,,,,,,,,,,,,,,,,,,,,,,,,,,,,,,,,,,,,,,,,,,,,,,,,,,,,,,,,,,,,,,,,,,,
state 146,,,,,,,,,,,,,,,,,,,,,,,,,,,,,,,r69,,,,,,,,r69,,,,,,,,,,,,,,,,,,,,,,,,,,,,,,,,,,,,,,,,,,,,,,,,,,,,,,,,,,,,,,,,,,,,,,,,,,,,,,,,,,
state 147,,,,,,,,,,,,,,,,,,,,,,,,,,,,,,,r70,,,,,,,,r70,,,,,,,,,,,,,,,,,,,,,,,,,,,,,,,,,,,,,,,,,,,,,,,,,,,,,,,,,,,,,,,,,,,,,,,,,,,,,,,,,,
state 148,,,,,,,,,,,,,,,,,,,,,,,,,,,,,,,r71,,,,,,,,r71,,,,,,,,,,,,,,,,,,,,,,,,,,,,,,,,,,,,,,,,,,,,,,,,,,,,,,,,,,,,,,,,,,,,,,,,,,,,,,,,,,
state 149,,,,,,,,,,,,,,,,,,,,,,,,,,,,,,,r72,,,,s74,s75,,,r72,,,,,,,,,,,,,,,,,,,,,,,,,,,,,,,,,,,,,,,,,,,,,,,,,,,,,,,,,,,,,,,,,,,,,,,,,,,,,,,,,,
state 150,,,,,,,,,,,,,,,,,,,,r84,,,,,,,,,,r84,r84,,,,r84,r84,r84,r84,r84,s76,s77,s78,r84,r84,r84,r84,r84,r84,r84,r84,r84,r84,r84,r84,r84,,,,,,,,,,,,,,,,,,,,,,,,,,,,,,,,,,,,,,,,,,,,,,,,,,,,,,,,,,,,,,,,,,
state 151,,,,,,,,,,,,,,,,,,,,r85,,,,,,,,,,r85,r85,,,,r85,r85,r85,r85,r85,s76,s77,s78,r85,r85,r85,r85,r85,r85,r85,r85,r85,r85,r85,r85,r85,,,,,,,,,,,,,,,,,,,,,,,,,,,,,,,,,,,,,,,,,,,,,,,,,,,,,,,,,,,,,,,,,,
state 152,,,,,,,,,,,,,,,,,,,,r87,,,,,,,,,,r87,r87,,,,r87,r87,r87,r87,r87,r87,r87,r87,r87,r87,r87,r87,r87,r87,r87,r87,r87,r87,r87,r87,r87,,,,,,,,,,,,,,,,,,,,,,,,,,,,,,,,,,,,,,,,,,,,,,,,,,,,,,,,,,,,,,,,,,
state 153,,,,,,,,,,,,,,,,,,,,r88,,,,,,,,,,r88,r88,,,,r88,r88,r88,r88,r88,r88,r88,r88,r88,r88,r88,r88,r88,r88,r88,r88,r88,r88,r88,r88,r88,,,,,,,,,,,,,,,,,,,,,,,,,,,,,,,,,,,,,,,,,,,,,,,,,,,,,,,,,,,,,,,,,,
state 154,,,,,,,,,,,,,,,,,,,,r89,,,,,,,,,,r89,r89,,,,r89,r89,r89,r89,r89,r89,r89,r89,r89,r89,r89,r89,r89,r89,r89,r89,r89,r89,r89,r89,r89,,,,,,,,,,,,,,,,,,,,,,,,,,,,,,,,,,,,,,,,,,,,,,,,,,,,,,,,,,,,,,,,,,
state 155,,,,,,,,,,,,,,,,,,,,r91,,,,,,,,,,r91,r91,,,,r91,r91,r91,r91,r91,r91,r91,r91,r91,r91,r91,r91,r91,r91,r91,r91,r91,r91,r91,r91,r91,,,,,,,,,,,,,,,,,,,,,,,,,,,,,,,,,,,,,,,,,,,,,,,,,,,,,,,,,,,,,,,,,,
state 156,,,,,,,,,,,,,,,,,,,,r98,,,,,,,,,,r98,r98,,,,r98,r98,r98,r98,r98,r98,r98,r98,r98,r98,s226,s227,s228,s229,s85,s86,r98,r98,r98,r98,r98,,,,,,,,,,,,,,,,,,,,,,,,,,,,,,,,,,,,,,,,,,,,,,,,,,,,,,,,,,,,,,,,,,
state 157,,,,,,,,,,,,,,,,,,,,r92,,,,,,,,,,r92,r92,,,,r92,r92,r92,r92,r92,r92,r92,r92,r92,r92,r92,r92,r92,r92,r92,r92,r92,r92,r92,r92,r92,,,,,,,,,,,,,,,,,,,,,,,,,,,,,,,,,,,,,,,,,,,,,,,,,,,,,,,,,,,,,,,,,,
state 158,,,,,,,,,,,,,,,,,,,,r94,,,,,,,,,,r94,r94,,,,r94,r94,r94,r94,r94,r94,r94,r94,r94,r94,r94,r94,r94,r94,s230,s231,r94,r94,r94,r94,r94,,,,,,,,,,,,,,,,,,,,,,,,,,,,,,,,,,,,,,,,,,,,,,,,,,,,,,,,,,,,,,,,,,
state 159,,,,,,,,,,,,,,,,,,,,s88,,,,,,,,,,r101,r101,,,,r101,r101,r101,r101,r101,r101,r101,r101,r101,r101,r101,r101,r101,r101,r101,r101,s87,r101,r101,r101,r101,,,,,,,,,,,,,,,,,,,,,,,,,,,,,,,,,,,,,,,,,,,,,,,,,,,,,,,,,,,,,,,,,,
state 160,,,,,,,,,,,,,,,,,,,,r95,,,,,,,,,,r95,r95,,,,r95,r95,r95,r95,r95,r95,r95,r95,r95,r95,r95,r95,r95,r95,s230,s231,r95,r95,r95,r95,r95,,,,,,,,,,,,,,,,,,,,,,,,,,,,,,,,,,,,,,,,,,,,,,,,,,,,,,,,,,,,,,,,,,
state 161,,,,,,,,,,,,,,,,,,,,r96,,,,,,,,,,r96,r96,,,,r96,r96,r96,r96,r96,r96,r96,r96,r96,r96,r96,r96,r96,r96,s230,s231,r96,r96,r96,r96,r96,,,,,,,,,,,,,,,,,,,,,,,,,,,,,,,,,,,,,,,,,,,,,,,,,,,,,,,,,,,,,,,,,,
state 162,,,,,,,,,,,,,,,,,,,,r97,,,,,,,,,,r97,r97,,,,r97,r97,r97,r97,r97,r97,r97,r97,r97,r97,r97,r97,r97,r97,s230,s231,r97,r97,r97,r97,r97,,,,,,,,,,,,,,,,,,,,,,,,,,,,,,,,,,,,,,,,,,,,,,,,,,,,,,,,,,,,,,,,,,
state 163,,,,,,,,,,,,,,,,,,,,s88,,,,,,,,,,r99,r99,,,,r99,r99,r99,r99,r99,r99,r99,r99,r99,r99,r99,r99,r99,r99,r99,r99,s87,r99,r99,r99,r99,,,,,,,,,,,,,,,,,,,,,,,,,,,,,,,,,,,,,,,,,,,,,,,,,,,,,,,,,,,,,,,,,,
state 164,,,,,,,,,,,,,,,,,,,,s88,,,,,,,,,,r100,r100,,,,r100,r100,r100,r100,r100,r100,r100,r100,r100,r100,r100,r100,r100,r100,r100,r100,s87,r100,r100,r100,r100,,,,,,,,,,,,,,,,,,,,,,,,,,,,,,,,,,,,,,,,,,,,,,,,,,,,,,,,,,,,,,,,,,
state 165,,,,,,,,,,,,,,,,,,,,r102,,,,,,,,,,r102,r102,,,,r102,r102,r102,r102,r102,r102,r102,r102,r102,r102,r102,r102,r102,r102,r102,r102,r102,s89,s90,s91,r102,,,,,,,,,,,,,,,,,,,,,,,,,,,,,,,,,,,,,,,,,,,,,,,,,,,,,,,,,,,,,,,,,,
state 166,,,,,,,,,,,,,,,,,,,,r103,,,,,,,,,,r103,r103,,,,r103,r103,r103,r103,r103,r103,r103,r103,r103,r103,r103,r103,r103,r103,r103,r103,r103,s89,s90,s91,r103,,,,,,,,,,,,,,,,,,,,,,,,,,,,,,,,,,,,,,,,,,,,,,,,,,,,,,,,,,,,,,,,,,
state 167,,,,,,,,,,,,,,,,,,,,r105,,,,,,,,,,r105,r105,,,,r105,r105,r105,r105,r105,r105,r105,r105,r105,r105,r105,r105,r105,r105,r105,r105,r105,r105,r105,r105,r105,,,,,,,,,,,,,,,,,,,,,,,,,,,,,,,,,,,,,,,,,,,,,,,,,,,,,,,,,,,,,,,,,,
state 168,,,,,,,,,,,,,,,,,,,,r106,,,,,,,,,,r106,r106,,,,r106,r106,r106,r106,r106,r106,r106,r106,r106,r106,r106,r106,r106,r106,r106,r106,r106,r106,r106,r106,r106,,,,,,,,,,,,,,,,,,,,,,,,,,,,,,,,,,,,,,,,,,,,,,,,,,,,,,,,,,,,,,,,,,
state 169,,,,,,,,,,,,,,,,,,,,r107,,,,,,,,,,r107,r107,,,,r107,r107,r107,r107,r107,r107,r107,r107,r107,r107,r107,r107,r107,r107,r107,r107,r107,r107,r107,r107,r107,,,,,,,,,,,,,,,,,,,,,,,,,,,,,,,,,,,,,,,,,,,,,,,,,,,,,,,,,,,,,,,,,,
state 170,,,,,,,,,,,,,,,,,,,,r112,,,,,,,,,,r112,r112,,,,r112,r112,r112,r112,r112,r112,r112,r112,r112,r112,r112,r112,r112,r112,r112,r112,r112,r112,r112,r112,r112,,,,,,,,,,,,,,,,,,,,,,,,,,,,,,,,,,,,,,,,,,,,,,,,,,,,,,,,,,,,,,,,,,
state 171,,,,,,,,,,,,,,,,,,,r131,r131,,,,,,,,,r131,r131,r131,,,,r131,r131,r131,r131,r131,r131,r131,r131,r131,r131,r131,r131,r131,r131,r131,r131,r131,r131,r131,r131,r131,r131,,,,,,,,,,,,,,,,,,,,,,,,,,,,,,,,,,,,,,,,,,,,,,,,,,,,,,,,,,,,,,,,,
state 172,,,,,,,,,,,,,,,,,,,,,,,,,,,,,,,,,,,,,,s232,,,,,,,,,,,,,,,,,,,,,,,,,,,,,,,,,,,,,,,,,,,,,,,,,,,,,,,,,,,,,,,,,,,,,,,,,,,,,,,,,,,
state 173,,,,,,,,,,,,,,,,,,,,,,,,,,,,,,,,,,,,,,r69,,,,,,,,,,,,,,,,,,,,,,,,,,,,,,,,,,,,,,,,,,,,,,,,,,,,,,,,,,,,,,,,,,,,,,,,,,,,,,,,,,,
state 174,,,,,,,,,,,,,,,,,,,,,,,,,,,,,,,,,,,,,,r70,,,,,,,,,,,,,,,,,,,,,,,,,,,,,,,,,,,,,,,,,,,,,,,,,,,,,,,,,,,,,,,,,,,,,,,,,,,,,,,,,,,
state 175,,,,,,,,,,,,,,,,,,,,,,,,,,,,,,,,,,,,,,r71,,,,,,,,,,,,,,,,,,,,,,,,,,,,,,,,,,,,,,,,,,,,,,,,,,,,,,,,,,,,,,,,,,,,,,,,,,,,,,,,,,,
state 176,,,,,,,,,,,,,,,,,,,,,,,,,,,,,,,,,,,s74,s75,,r72,,,,,,,,,,,,,,,,,,,,,,,,,,,,,,,,,,,,,,,,,,,,,,,,,,,,,,,,,,,,,,,,,,,,,,,,,,,,,,,,,,,
state 177,,,,,,,,,,,,,,,,,,,,,,,,,,,,,,,,,,,,,s233,,,,,,,,,,,,,,,,,,,,,,,,,,,,,,,,,,,,,,,,,,,,,,,,,,,,,,,,,,,,,,,,,,,,,,,,,,,,,,,,,,,,
state 178,,,,,,,,,,,,,,,,,,,,,,,,,,,,,,,,,,,,,r65,,s234,,,,,,,,,,,,,,,,,,,,,,,,,,,,,,,,,,,,,,,,,,,,,,,,,,,,,,,,,,,,,,,,,,,,,,,,,,,,,,,,,,
state 179,,,,,,,,,,,,,,,,,,,r134,r134,,,,,,,,,r134,r134,r134,,,,r134,r134,r134,r134,r134,r134,r134,r134,r134,r134,r134,r134,r134,r134,r134,r134,r134,r134,r134,r134,r134,r134,,,,,,,,,,,,,,,,,,,,,,,,,,,,,,,,,,,,,,,,,,,,,,,,,,,,,,,,,,,,,,,,,
state 180,,,,,,,,,,,,,,,,,,,,r122,,,,,,,,,,r122,r122,,,,r122,r122,r122,r122,r122,r122,r122,r122,r122,r122,r122,r122,r122,r122,r122,r122,r122,r122,r122,r122,r122,,,,,,,,,,,,,,,,,,,,,,,,,,,,,,,,,,,,,,,,,,,,,,,,,,,,,,,,,,,,,,,,,,
state 181,,,,,,,,,,,,,,,,,,,,r69,,,,,,,,,,r69,r69,,,,r69,r69,r69,r69,r69,r69,r69,r69,r69,r69,r69,r69,r69,r69,r69,r69,r69,r69,r69,r69,r69,,,,,,,,,,,,,,,,,,,,,,,,,,,,,,,,,,,,,,,,,,,,,,,,,,,,,,,,,,,,,,,,,,
state 182,,,,,,,,,,,,,,,,,,,,r70,,,,,,,,,,r70,r70,,,,r70,r70,r70,r70,r70,r70,r70,r70,r70,r70,r70,r70,r70,r70,r70,r70,r70,r70,r70,r70,r70,,,,,,,,,,,,,,,,,,,,,,,,,,,,,,,,,,,,,,,,,,,,,,,,,,,,,,,,,,,,,,,,,,
state 183,,,,,,,,,,,,,,,,,,,,r71,,,,,,,,,,r71,r71,,,,r71,r71,r71,r71,r71,r71,r71,r71,r71,r71,r71,r71,r71,r71,r71,r71,r71,r71,r71,r71,r71,,,,,,,,,,,,,,,,,,,,,,,,,,,,,,,,,,,,,,,,,,,,,,,,,,,,,,,,,,,,,,,,,,
state 184,,,,,,,,,,,,,,,,,,,,r72,,,,,,,,,,r72,r72,,,,s74,s75,r72,r72,r72,r72,r72,r72,r72,r72,r72,r72,r72,r72,r72,r72,r72,r72,r72,r72,r72,,,,,,,,,,,,,,,,,,,,,,,,,,,,,,,,,,,,,,,,,,,,,,,,,,,,,,,,,,,,,,,,,,
state 185,,,,,,,,,,,,,,,,,,,r124,r131,,,r124,r124,,,,,r124,r131,r131,,,r124,r131,r131,r131,r131,r131,r131,r131,r131,r131,r131,r131,r131,r131,r131,r131,r131,r131,r131,r131,r131,r131,r124,,,,,,,,,,,,,,,,,,,,,,,,,,,,,,,,,,,,,,,,,,,,,,,,,,,,,,,,,,,,,,,,,
state 186,,,,,,,,,,,,,,,,,,,,,,,,,,,,,,,,,,,,,s235,,,,,,,,,,,,,,,,,,,,,,,,,,,,,,,,,,,,,,,,,,,,,,,,,,,,,,,,,,,,,,,,,,,,,,,,,,,,,,,,,,,,
state 187,,,,,,,,,,,,,,,,,,,s237,r134,,,,,,,,,,r134,r134,,,,r134,r134,r134,r134,r134,r134,r134,r134,r134,r134,r134,r134,r134,r134,r134,r134,r134,r134,r134,r134,r134,s236,,,,,,,,,,,,,,,,,,,,,,,,,,,,,,,,,,,,,,,,,,,,,,,,,,,,,,,,,,,,,,,,,
state 188,,,,,,,,,,,,,,,,,,,,,,,,,,,,,,,,,,,,,,s238,,,,,,,,,,,,,,,,,,,,,,,,,,,,,,,,,,,,,,,,,,,,,,,,,,,,,,,,,,,,,,,,,,,,,,,,,,,,,,,,,,,
state 189,r18,r18,r18,r18,r18,r18,r18,r18,r18,r18,r18,r18,r18,r18,r18,r18,r18,r18,r18,r18,r18,r18,r18,r18,r18,r18,r18,r18,r18,r18,,,,,,,,,,,,,,,,,,,,,,,,,,,,,,,,,,,,,,,,,,,,,,,,,,,,,,,,,,,,,,,,,,,,,,,,,,,,,,,,,,,,,,,,,,,
state 190,r19,r19,r19,r19,r19,r19,r19,r19,r19,r19,r19,r19,r19,r19,r19,r19,r19,r19,r19,r19,r19,r19,r19,r19,r19,r19,r19,r19,r19,r19,,,,,,,,,,,,,,,,,,,,,,,,,,,,,,,,,,,,,,,,,,,,,,,,,,,,,,,,,,,,,,,,,,,,,,,,,,,,,,,,,,,,,,,,,,,
state 191,r22,r22,r22,r22,r22,r22,r22,r22,r22,r22,r22,r22,r22,r22,r22,r22,r22,r22,r22,r22,r22,r22,r22,r22,r22,r22,r22,r22,r22,r22,,r22,r22,,,,,,,,,,,,,,,,,,,,,,,,,,,,,,,,,,,,,,,,,,,,,,,,,,,,,,,,,,,,,,,,,,,,,,,,,,,,,,,,,,,,,,,,
state 192,,,,,,,,,,,,,,,,,,,,,,,,,,,,,,,,,,,,,s239,,,,,,,,,,,,,,,,,,,,,,,,,,,,,,,,,,,,,,,,,,,,,,,,,,,,,,,,,,,,,,,,,,,,,,,,,,,,,,,,,,,,
state 193,,,,,,,,,,,,,,s246,,,,s247,,,,,,,,,,,,,,,,,,,,,,,,,,,,,,,,,,,,,,,,,s242,s243,s244,s245,,,,,,,,,,,,,,,,,,,,,,,,,,,,,,,,,,,,,,,,,,,,,,,,,240,241,,,,,,,,,
state 194,,r3,r3,r3,r3,r3,r3,r3,r3,r3,r3,r3,r3,r3,r3,r3,r3,r3,r3,r3,r3,r3,r3,r3,r3,r3,r3,r3,r3,r3,,,,,,,,,,,,,,,,,,,,,,,,,,,,,,,,,,,,,,,,,,,,,,,,,,,,,,,,,,,,,,,,,,,,,,,,,,,,,,,,,,,,,,,,,,,
state 195,r36,r36,r36,r36,r36,r36,r36,r36,r36,r36,r36,r36,r36,r36,r36,r36,r36,r36,r36,r36,r36,r36,r36,r36,r36,r36,r36,r36,r36,r36,,r36,r36,,,,,,,,,,,,,,,,,,,,,,,,,,,,,,,,,,,,,,,,,,,,,,,,,,,,,,,,,,,,,,,,,,,,,,,,,,,,,,,,,,,,,,,,
state 196,,,,,,,,,,,,,,,,,,,,r79,,,,,,,,,,r79,r79,,,,r79,r79,r79,r79,r79,r79,r79,r79,r79,r79,r79,r79,r79,r79,r79,r79,r79,r79,r79,r79,r79,,,,,,,,,,,,,,,,,,,,,,,,,,,,,,,,,,,,,,,,,,,,,,,,,,,,,,,,,,,,,,,,,,
state 197,,,,,,,,,,,,,,,,,,,,,,s201,,,,,,,,,,,,,,,,,,,,,,,,,,,,,,,,,,,,,,,,,,,,,,,,,,,,,,,,,,,,,,,,,,,,,,,,,,,,,,,,,,,,248,113,,,,,,,,,,,,,,
state 198,,,,,,,,,s118,,,,,,,,,s57,s58,s59,s60,s61,s62,s63,s64,s65,s66,s67,s68,,,,,,,,,,,,,,,,,,,,,,,,,,,,,,,,,,,,,,,,,,,,,,,,,,,,,,,,,249,,250,251,252,253,26,27,28,29,30,31,32,33,34,35,36,37,38,39,,,,,,,,,,,,,,,,
state 199,r37,r37,r37,r37,r37,r37,r37,r37,r37,r37,r37,r37,r37,r37,r37,r37,r37,r37,r37,r37,r37,r37,r37,r37,r37,r37,r37,r37,r37,r37,,r37,r37,,,,,,,,,,,,,,,,,,,,,,,,,,,,,,,,,,,,,,,,,,,,,,,,,,,,,,,,,,,,,,,,,,,,,,,,,,,,,,,,,,,,,,,,
state 200,,,,,,,,,,,,,,,,,,,,r35,,,,,,,,,,r35,r35,,,,r35,r35,r35,r35,r35,r35,r35,r35,r35,r35,r35,r35,r35,r35,r35,r35,r35,r35,r35,r35,r35,,,,,,,,,,,,,,,,,,,,,,,,,,,,,,,,,,,,,,,,,,,,,,,,,,,,,,,,,,,,,,,,,,
state 201,,,,,,,,,,,,,,,,,,,,,,,,,,,,,,,,,,,,,,,,,,,,,,,,,,,,,,,,,s198,,,,,,,,,,,,,,,,,,,,,,,,,,,,,,,,,,,,,,,,,,,,,,,,,,,,,,,,,,,,,,,,
state 202,,,,,,,,,,,,,,,,,,,,,,,,,,,,,s254,,,,,,,,,,,,,,,,,,,,,,,,,,,,,,,,,,,,,,,,,,,,,,,,,,,,,,,,,,,,,,,,,,,,,,,,,,,,,,,,,,,,,,,,,,,,
state 203,,s41,s42,s43,s44,s45,s46,s47,s48,s49,s50,s51,s52,s53,s54,s55,s56,s57,s58,s59,s60,s61,s62,s63,s64,s65,s66,s67,s68,s255,,,,,,,,,,,,,,,,,,,,,,,,,,,,,,,,,,,,,,,194,4,5,6,7,8,9,10,11,12,13,14,15,16,17,18,19,20,21,22,23,24,25,26,27,28,29,30,31,32,33,34,35,36,37,38,39,,,,,,,,,,,,,,,,
state 204,,,,,,,,,,,,,,,,,,,,,,,,,,,,,,,,,,,,,,,,,,,,,,,,,,,,,,,,,,r35,,,,,,,,,,,,,,,,,,,,,,,,,,,,,,,,,,,,,,,,,,,,,,,,,,,,,,,,,,,,,,,
state 205,r40,r40,r40,r40,r40,r40,r40,r40,r40,r40,r40,r40,r40,r40,r40,r40,r40,r40,r40,r40,r40,r40,r40,r40,r40,r40,r40,r40,r40,r40,,r40,r40,,,,,,,,,,,,,,,,,,,,,,,,,,,,,,,,,,,,,,,,,,,,,,,,,,,,,,,,,,,,,,,,,,,,,,,,,,,,,,,,,,,,,,,,
state 206,,,,,,,,,,,,,,,,,,,,,,,,,,,,,,,,,,,,,s256,,,,,,,,,,,,,,,,,,,,,,,,,,,,,,,,,,,,,,,,,,,,,,,,,,,,,,,,,,,,,,,,,,,,,,,,,,,,,,,,,,,,
state 207,,,,,,,,,,,,,,,,,,,,,,s260,,,,,,,,s259,,,,,,,,,,,,,,,,,,,,,,,,,,,,,,,,,,,,,,,,,,,,,,,,,,,,,,,,,,,,,,,,,,,,,,,,,,,,,,,,,,,257,258,,,,,,,
state 208,,,,,,,,,,,,,,,,,,,,,,,,,,,,,,,s261,,,,,,,,,,,,,,,,,,,,,,,,,,,,,,,,,,,,,,,,,,,,,,,,,,,,,,,,,,,,,,,,,,,,,,,,,,,,,,,,,,,,,,,,,,
state 209,,,,,,,,,,,,,,,,,,,,,,,,,,,,,,,r63,,,,,,,,s262,,,,,,,,,,,,,,,,,,,,,,,,,,,,,,,,,,,,,,,,,,,,,,,,,,,,,,,,,,,,,,,,,,,,,,,,,,,,,,,,,,
state 210,,,,,,,,,,,,,,,,,,,,,,,,,,,,,,,r31,,,s263,,,,,r31,,,,,,,,,,,,,,,,,,,,,,,,,,,,,,,,,,,,,,,,,,,,,,,,,,,,,,,,,,,,,,,,,,,,,,,,,,,,,,,,,,
state 211,,,,,,,,,,,,,,,,,,,,,,s264,,,,,,,,,,,,,,,,,,,,,,,,,,,,,,,,,,,,,,,,,,,,,,,,,,,,,,,,,,,,,,,,,,,,,,,,,,,,,,,,,,,,,,,,,,,,,,,,,,,
state 212,,,,,,,,,s118,,,,,,,,,s57,s58,s59,s60,s61,s62,s63,s64,s65,s66,s67,s68,,s266,,,,,,,,,,,,,,,,,,,,,,,,,,,,,,,,,,,,,,,,,,,,,,,,,,,,,,,265,,22,23,24,25,26,27,28,29,30,31,32,33,34,35,36,37,38,39,,,,,,,,,,,,,,,,
state 213,,,,,,,,,,,,,,,,,,,,,,,,,,,,,,,,,,,,,s267,,,,,,,,,,,,,,,,,,,,,,,,,,,,,,,,,,,,,,,,,,,,,,,,,,,,,,,,,,,,,,,,,,,,,,,,,,,,,,,,,,,,
state 214,,,,,,,,,s269,,,,,,,,,,,,,,,,,,,,,,,,,,,,,,,,,,,,,,,,,,,,,,,,,,,,,,,,,,,,,,,,,268,,,,,,,,,,,,,,,,,,,,,,,,,,,,,,,,,,,,,,,,,,,,,,,
state 215,,,,,,,,,,,,,,s276,,,,s247,,,,,,,,,,,,,,,,,,,,,,,,,,,,,,,,,,,,,,,,,s272,s273,s274,s275,,,,,,,,,,,,,,,,,,,,,,,,,,,,,,,,,,,,,,,,,,,,,,,,,270,271,,,,,,,,,
state 216,,,,,,,,,,,,,,,,,,,,,,,,,,,,,,,,,,,,,s277,,,,,,,,,,,,,,,,,,,,,,,,,,,,,,,,,,,,,,,,,,,,,,,,,,,,,,,,,,,,,,,,,,,,,,,,,,,,,,,,,,,,
state 217,,,,,,,,,,,,,,,,,,,,,,,,,,,,,,,,,,,,,r76,,s278,,,,,,,,,,,,,,,,,,,,,,,,,,,,,,,,,,,,,,,,,,,,,,,,,,,,,,,,,,,,,,,,,,,,,,,,,,,,,,,,,,
state 218,,,,,,,,,,,,,,,,,,,,,,,,,,,,,,,,,,,,,,,,,,,,,,,,,,,,,,,,,s279,,,,,,,,,,,,,,,,,,,,,,,,,,,,,,,,,,,,,,,,,,,,,,,,,,,,,,,,,,,,,,,,
state 219,,,,,,,,,,,,,,,,,,,,,,s280,,,,,,,,,,,,,,,,,,,,,,,,,,,,,,,,,,,,,,,,,,,,,,,,,,,,,,,,,,,,,,,,,,,,,,,,,,,,,,,,,,,,,,,,,,,,,,,,,,,
state 220,,,,,,,,,,,,,,,,,,,,r77,,,,,,,,,,r77,r77,,,,r77,r77,r77,r77,r77,r77,r77,r77,r77,r77,r77,r77,r77,r77,r77,r77,r77,r77,r77,r77,r77,,,,,,,,,,,,,,,,,,,,,,,,,,,,,,,,,,,,,,,,,,,,,,,,,,,,,,,,,,,,,,,,,,
state 221,,,,,,,,,s118,,,,,,,,,s57,s58,s59,s60,s61,s62,s63,s64,s65,s66,s67,s68,,,,,,,,,,,,,,,,,,,,,,,,,,,,,,,,,,,,,,,,,,,,,,,,,,,,,,,,,282,,130,131,132,133,26,27,28,29,30,31,32,33,34,35,36,37,38,39,,,281,,,,,,,,,,,,,
state 222,,,,,,,,,,,,,,,,,,,,,,s283,,,,,,,,,,,,,,,,,,,,,,,,,,,,,,,,,,,,,,,,,,,,,,,,,,,,,,,,,,,,,,,,,,,,,,,,,,,,,,,,,,,,,,,,,,,,,,,,,,,
state 223,,,,,,,,,s118,,,,,,,,,s57,s58,s59,s60,s61,s62,s63,s64,s65,s66,s67,s68,,,,,,,,s285,,,,,,,,,,,,,,,,,,,,,,,,,,,,,,,,,,,,,,,,,,,,,,,,,178,,130,131,132,133,26,27,28,29,30,31,32,33,34,35,36,37,38,39,,,284,,,,,,,,,,,,,
state 224,,,,,,,,,s118,,,,,,,,,s57,s58,s59,s60,s61,s62,s63,s64,s65,s66,s67,s68,,,,,,,,,,,,,,,,,,,,,,,,,,,,,,,,,,,,,,,,,,,,,,,,,,,,,,,,,286,,173,174,175,176,26,27,28,29,30,31,32,33,34,35,36,37,38,39,,,,,,,,,,,,,,,,
state 225,,,,,,,,,,,,,,,,,,,,r139,,,,,,,,,,r139,r139,,,,r139,r139,r139,r139,r139,r139,r139,r139,r139,r139,r139,r139,r139,r139,r139,r139,r139,r139,r139,r139,r139,,,,,,,,,,,,,,,,,,,,,,,,,,,,,,,,,,,,,,,,,,,,,,,,,,,,,,,,,,,,,,,,,,
state 226,,,,,,,,,,,,,,,,,,,,s59,s60,s61,s62,s63,s64,s65,s66,s67,s68,,,,,,,,,,,,,,,,,,,,,,,,,,,,,,,,,,,,,,,,,,,,,,,,,,,,,,,,,,,,,,,,,,287,159,31,32,33,34,35,36,37,38,39,,,,,,,,,,,,,,,,
state 227,,,,,,,,,,,,,,,,,,,,s59,s60,s61,s62,s63,s64,s65,s66,s67,s68,,,,,,,,,,,,,,,,,,,,,,,,,,,,,,,,,,,,,,,,,,,,,,,,,,,,,,,,,,,,,,,,,,288,159,31,32,33,34,35,36,37,38,39,,,,,,,,,,,,,,,,
state 228,,,,,,,,,,,,,,,,,,,,s59,s60,s61,s62,s63,s64,s65,s66,s67,s68,,,,,,,,,,,,,,,,,,,,,,,,,,,,,,,,,,,,,,,,,,,,,,,,,,,,,,,,,,,,,,,,,,289,159,31,32,33,34,35,36,37,38,39,,,,,,,,,,,,,,,,
state 229,,,,,,,,,,,,,,,,,,,,s59,s60,s61,s62,s63,s64,s65,s66,s67,s68,,,,,,,,,,,,,,,,,,,,,,,,,,,,,,,,,,,,,,,,,,,,,,,,,,,,,,,,,,,,,,,,,,290,159,31,32,33,34,35,36,37,38,39,,,,,,,,,,,,,,,,
state 230,,,,,,,,,,,,,,,,,,,,s59,s60,s61,s62,s63,s64,s65,s66,s67,s68,,,,,,,,,,,,,,,,,,,,,,,,,,,,,,,,,,,,,,,,,,,,,,,,,,,,,,,,,,,,,,,,,,,291,31,32,33,34,35,36,37,38,39,,,,,,,,,,,,,,,,
state 231,,,,,,,,,,,,,,,,,,,,s59,s60,s61,s62,s63,s64,s65,s66,s67,s68,,,,,,,,,,,,,,,,,,,,,,,,,,,,,,,,,,,,,,,,,,,,,,,,,,,,,,,,,,,,,,,,,,,292,31,32,33,34,35,36,37,38,39,,,,,,,,,,,,,,,,
state 232,,,,,,,,,,,,,,,,,,,r132,r132,,,,,,,,,r132,r132,r132,,,,r132,r132,r132,r132,r132,r132,r132,r132,r132,r132,r132,r132,r132,r132,r132,r132,r132,r132,r132,r132,r132,r132,,,,,,,,,,,,,,,,,,,,,,,,,,,,,,,,,,,,,,,,,,,,,,,,,,,,,,,,,,,,,,,,,
state 233,,,,,,,,,,,,,,,,,,,r133,r133,,,,,,,,,r133,r133,r133,,,,r133,r133,r133,r133,r133,r133,r133,r133,r133,r133,r133,r133,r133,r133,r133,r133,r133,r133,r133,r133,r133,r133,,,,,,,,,,,,,,,,,,,,,,,,,,,,,,,,,,,,,,,,,,,,,,,,,,,,,,,,,,,,,,,,,
state 234,,,,,,,,,s118,,,,,,,,,s57,s58,s59,s60,s61,s62,s63,s64,s65,s66,s67,s68,,,,,,,,,,,,,,,,,,,,,,,,,,,,,,,,,,,,,,,,,,,,,,,,,,,,,,,,,282,,130,131,132,133,26,27,28,29,30,31,32,33,34,35,36,37,38,39,,,293,,,,,,,,,,,,,
state 235,,,,,,,,,,,,,,,,,,,s295,,,,,,,,,,,,r133,,,,,,,,,,,,,,,,,,,,,,,,,s294,,,,,,,,,,,,,,,,,,,,,,,,,,,,,,,,,,,,,,,,,,,,,,,,,,,,,,,,,,,,,,,,,
state 236,,,,,,,,,,,,,,,,,,,,,,s296,,,,,,,,,,,,,,,,,,,,,,,,,,,,,,,,,,,,,,,,,,,,,,,,,,,,,,,,,,,,,,,,,,,,,,,,,,,,,,,,,,,,,,,,,,,,,,,,,,,
state 237,,,,,,,,,s118,,,,,,,,,s57,s58,s59,s60,s61,s62,s63,s64,s65,s66,s67,s68,,,,,,,,,,,,,,,,,,,,,,,,,,,,,,,,,,,,,,,,,,,,,,,,,,,,,,,,,297,,173,174,175,176,26,27,28,29,30,31,32,33,34,35,36,37,38,39,,,,,,,,,,,,,,,,
state 238,,,,,,,,,,,,,,,,,,,r132,r132,,,r127,r127,,,,,r127,r132,r132,,,r127,r132,r132,r132,r132,r132,r132,r132,r132,r132,r132,r132,r132,r132,r132,r132,r132,r132,r132,r132,r132,r132,r127,,,,,,,,,,,,,,,,,,,,,,,,,,,,,,,,,,,,,,,,,,,,,,,,,,,,,,,,,,,,,,,,,
state 239,,s311,s312,s313,s314,s45,s46,s47,s48,s49,s50,s51,s52,s53,s54,s55,s56,s57,s58,s59,s60,s61,s62,s63,s64,s65,s66,s67,s68,,,,,,,,,,,,,,,,,,,,,,,,,,,,,,,,,,,,,,,,298,299,300,301,302,303,304,305,306,307,308,309,310,16,17,18,19,20,21,22,23,24,25,26,27,28,29,30,31,32,33,34,35,36,37,38,39,,,,,,,,,,,,,,,,
state 240,,,,,,,,,,,,,,,,,,,s316,,,,,,,,,,,,,,,s315,,,,,,,,,,,,,,,,,,,,,,,,,,,,,,,,,,,,,,,,,,,,,,,,,,,,,,,,,,,,,,,,,,,,,,,,,,,,,,,,,,,,,,,
state 241,,,,,,,,,,,,,,,,,,,r151,,,,,,,,,,,,,,,r151,,,,,,,,,,,,,,,,,,,,,,,,,,,,,,,,,,,,,,,,,,,,,,,,,,,,,,,,,,,,,,,,,,,,,,,,,,,,,,,,,,,,,,,
state 242,,,,,,,,,,,,,,,,,,,r146,,,,,,,,,,,,,,,r146,,,,,,,,,,,,,,,,,,,,,,,,,,,,,,,,,,,,,,,,,,,,,,,,,,,,,,,,,,,,,,,,,,,,,,,,,,,,,,,,,,,,,,,
state 243,,,,,,,,,,,,,,,,,,,r147,,,,,,,,,,,,,,,r147,,,,,,,,,,,,,,,,,,,,,,,,,,,,,,,,,,,,,,,,,,,,,,,,,,,,,,,,,,,,,,,,,,,,,,,,,,,,,,,,,,,,,,,
state 244,,,,,,,,,,,,,,,,,,,r148,,,,,,,,,,,,,,,r148,,,,,,,,,,,,,,,,,,,,,,,,,,,,,,,,,,,,,,,,,,,,,,,,,,,,,,,,,,,,,,,,,,,,,,,,,,,,,,,,,,,,,,,
state 245,,,,,,,,,,,,,,,,,,,r149,,,,,,,,,,,,,,,r149,,,,,,,,,,,,,,,,,,,,,,,,,,,,,,,,,,,,,,,,,,,,,,,,,,,,,,,,,,,,,,,,,,,,,,,,,,,,,,,,,,,,,,,
state 246,,,,,,,,,,,,,,,,,,,,,,s317,,,,,,,,,,,,,,,,,,,,,,,,,,,,,,,,,,,,,,,,,,,,,,,,,,,,,,,,,,,,,,,,,,,,,,,,,,,,,,,,,,,,,,,,,,,,,,,,,,,
state 247,,,,,,,,,,,,,,,,,,,,,,,,,,,,,s318,,,,,,,,,,,,,,,,,,,,,,,,,,,,,,,,,,,,,,,,,,,,,,,,,,,,,,,,,,,,,,,,,,,,,,,,,,,,,,,,,,,,,,,,,,,,
state 248,,,,,,,,,,,,,,,,,,,,,,,,,,,,,,r81,,,,,,,,,,,,,,,,,,,,,,,,,,,,,,,,,,,,,,,,,,,,,,,,,,,,,,,,,,,,,,,,,,,,,,,,,,,,,,,,,,,,,,,,,,,
state 249,,,,,,,,,,,,,,,,,,,,,,,,,,,,,,r83,,,,,,,,,r83,,,,,,,,,,,,,,,,,,,,,,,,,,,,,,,,,,,,,,,,,,,,,,,,,,,,,,,,,,,,,,,,,,,,,,,,,,,,,,,,,,
state 250,,,,,,,,,,,,,,,,,,,,,,,,,,,,,,r69,,,,,,,,,r69,,,,,,,,,,,,,,,,,,,,,,,,,,,,,,,,,,,,,,,,,,,,,,,,,,,,,,,,,,,,,,,,,,,,,,,,,,,,,,,,,,
state 251,,,,,,,,,,,,,,,,,,,,,,,,,,,,,,r70,,,,,,,,,r70,,,,,,,,,,,,,,,,,,,,,,,,,,,,,,,,,,,,,,,,,,,,,,,,,,,,,,,,,,,,,,,,,,,,,,,,,,,,,,,,,,
state 252,,,,,,,,,,,,,,,,,,,,,,,,,,,,,,r71,,,,,,,,,r71,,,,,,,,,,,,,,,,,,,,,,,,,,,,,,,,,,,,,,,,,,,,,,,,,,,,,,,,,,,,,,,,,,,,,,,,,,,,,,,,,,
state 253,,,,,,,,,,,,,,,,,,,,,,,,,,,,,,r72,,,,,s74,s75,,,r72,,,,,,,,,,,,,,,,,,,,,,,,,,,,,,,,,,,,,,,,,,,,,,,,,,,,,,,,,,,,,,,,,,,,,,,,,,,,,,,,,,
state 254,,,,,,,,,,,,,,,,,,,,,,s319,,,,,,,,,,,,,,,,,,,,,,,,,,,,,,,,,,,,,,,,,,,,,,,,,,,,,,,,,,,,,,,,,,,,,,,,,,,,,,,,,,,,,,,,,,,,,,,,,,,
state 255,,,,,,,,,,,,,,,,,,,,,,,,,,,,,,,,,,,,,,,,,,,,,,,,,,,,,,,,,,r36,,,,,,,,,,,,,,,,,,,,,,,,,,,,,,,,,,,,,,,,,,,,,,,,,,,,,,,,,,,,,,,
state 256,,,,,,,,,s320,,,,,,,,,,,,,,,,,,,,,,,,,,,,,,,,,,,,,,,,,,,,,,,,,,,,,,,,,,,,,,,,,,,,,,,,,,,,,,,,,,,,,,,,,,,,,,,,,,,,,,,,,,,,,,,,
state 257,,,,,,,,,,,,,,,,,,,,,,s260,,,,,,,,s322,,,,,,,,,,,,,,,,,,,,,,,,,,,,,,,,,,,,,,,,,,,,,,,,,,,,,,,,,,,,,,,,,,,,,,,,,,,,,,,,,,,,321,,,,,,,
state 258,,,,,,,,,,,,,,,,,,,,,,r143,,,,,,,,r143,,,,,,,,,,,,,,,,,,,,,,,,,,,,,,,,,,,,,,,,,,,,,,,,,,,,,,,,,,,,,,,,,,,,,,,,,,,,,,,,,,,,,,,,,,,
state 259,r141,r141,r141,r141,r141,r141,r141,r141,r141,r141,r141,r141,r141,r141,r141,r141,r141,r141,r141,r141,r141,r141,r141,r141,r141,r141,r141,r141,r141,r141,,r141,r141,,,,,,,,,,,,,,,,,,,,,,,,,,,,,,,,,,,,,,,,,,,,,,,,,,,,,,,,,,,,,,,,,,,,,,,,,,,,,,,,,,,,,,,,
state 260,,,,,,,,,,,,,,,,,,,,,,,,,,,,,,,,,,,,,,,,,,,,,,,,,,,,,,,,,s323,,,,,,,,,,,,,,,,,,,,,,,,,,,,,,,,,,,,,,,,,,,,,,,,,,,,,,,,,,,,,,,,
state 261,,,,,,,,,s118,,,,,,,,,s57,s58,s59,s60,s61,s62,s63,s64,s65,s66,s67,s68,,s325,,,,,,,,,,,,,,,,,,,,,,,,,,,,,,,,,,,,,,,,,,,,,,,,,,,,,,,324,,22,23,24,25,26,27,28,29,30,31,32,33,34,35,36,37,38,39,,,,,,,,,,,,,,,,
state 262,,,,,,,,,,,,,,,,,s56,,,,,,,,,,,,,,,,,,,,,,,,,,,,,,,,,,,,,,,,,,,,,,,,,,,,,,,,,,,,,,,,,209,,,,,210,,,,,,,,,,,,,,,,,,,,,,326,,,,,,,,,,,,
state 263,,,,,,,,,s118,,,,,,,,,s57,s58,s59,s60,s61,s62,s63,s64,s65,s66,s67,s68,,,,,,,,,,,,,,,,,,,,,,,,,,,,,,,,,,,,,,,,,,,,,,,,,,,,,,,,,327,,146,147,148,149,26,27,28,29,30,31,32,33,34,35,36,37,38,39,,,,,,,,,,,,,,,,
state 264,,,,,,,,,,,,,,,,,,,,,,,,,,,,,,,,,,,,,,,,,,,,,,,,,,,,,,,,,s328,,,,,,,,,,,,,,,,,,,,,,,,,,,,,,,,,,,,,,,,,,,,,,,,,,,,,,,,,,,,,,,,
state 265,,,,,,,,,,,,,,,,,,,,,,,,,,,,,,,s329,,,,,,,,,,,,,,,,,,,,,,,,,,,,,,,,,,,,,,,,,,,,,,,,,,,,,,,,,,,,,,,,,,,,,,,,,,,,,,,,,,,,,,,,,,
state 266,,,,,,,,,s118,,,,,,,,,s57,s58,s59,s60,s61,s62,s63,s64,s65,s66,s67,s68,,,,,,,,s331,,,,,,,,,,,,,,,,,,,,,,,,,,,,,,,,,,,,,,,,,,,,,,,,,178,,130,131,132,133,26,27,28,29,30,31,32,33,34,35,36,37,38,39,,,330,,,,,,,,,,,,,
state 267,,,,,,,,,s269,,,,,,,,,,,,,,,,,,,,,,,,,,,,,,,,,,,,,,,,,,,,,,,,,,,,,,,,,,,,,,,,,332,,,,,,,,,,,,,,,,,,,,,,,,,,,,,,,,,,,,,,,,,,,,,,,
state 268,r67,r67,r67,r67,r67,r67,r67,r67,r67,r67,r67,r67,r67,r67,r67,r67,r67,r67,r67,r67,r67,r67,r67,r67,r67,r67,r67,r67,r67,r67,,r67,r67,,,,,,,,,,,,,,,,,,,,,,,,,,,,,,,,,,,,,,,,,,,,,,,,,,,,,,,,,,,,,,,,,,,,,,,,,,,,,,,,,,,,,,,,
state 269,,s41,s42,s43,s44,s45,s46,s47,s48,s49,s50,s51,s52,s53,s54,s55,s56,s57,s58,s59,s60,s61,s62,s63,s64,s65,s66,s67,s68,s333,,,,,,,,,,,,,,,,,,,,,,,,,,,,,,,,,,,,,,110,112,4,5,6,7,8,9,10,11,12,13,14,15,16,17,18,19,20,21,22,23,24,25,26,27,28,29,30,31,32,33,34,35,36,37,38,39,,,,,,,,,,,,,,,,
state 270,,,,,,,,,,,,,,,,,,,s334,,,,,,,,,,,,r33,,,r33,,,,,r33,,,,,,,,,,,,,,,,,,,,,,,,,,,,,,,,,,,,,,,,,,,,,,,,,,,,,,,,,,,,,,,,,,,,,,,,,,,,,,,,,,
state 271,,,,,,,,,,,,,,,,,,,r151,,,,,,,,,,,,r151,,,r151,,,r151,,r151,,,,,,,,,,,,,,,,,,,,,,,,,,,,,,,,,,,,,,,,,,,,,,,,,,,,,,,,,,,,,,,,,,,,,,,,,,,,,,,,,,
state 272,,,,,,,,,,,,,,,,,,,r146,,,,,,,,,,,,r146,,,r146,,,r146,,r146,,,,,,,,,,,,,,,,,,,,,,,,,,,,,,,,,,,,,,,,,,,,,,,,,,,,,,,,,,,,,,,,,,,,,,,,,,,,,,,,,,
state 273,,,,,,,,,,,,,,,,,,,r147,,,,,,,,,,,,r147,,,r147,,,r147,,r147,,,,,,,,,,,,,,,,,,,,,,,,,,,,,,,,,,,,,,,,,,,,,,,,,,,,,,,,,,,,,,,,,,,,,,,,,,,,,,,,,,
state 274,,,,,,,,,,,,,,,,,,,r148,,,,,,,,,,,,r148,,,r148,,,r148,,r148,,,,,,,,,,,,,,,,,,,,,,,,,,,,,,,,,,,,,,,,,,,,,,,,,,,,,,,,,,,,,,,,,,,,,,,,,,,,,,,,,,
state 275,,,,,,,,,,,,,,,,,,,r149,,,,,,,,,,,,r149,,,r149,,,r149,,r149,,,,,,,,,,,,,,,,,,,,,,,,,,,,,,,,,,,,,,,,,,,,,,,,,,,,,,,,,,,,,,,,,,,,,,,,,,,,,,,,,,
state 276,,,,,,,,,,,,,,,,,,,,,,s335,,,,,,,,,,,,,,,,,,,,,,,,,,,,,,,,,,,,,,,,,,,,,,,,,,,,,,,,,,,,,,,,,,,,,,,,,,,,,,,,,,,,,,,,,,,,,,,,,,,
state 277,,,,,,,,,,,,,,,,,,,,,,,,,,,,,,,,,,,,,,,,,,,,,,,,,,,,,,,,,s336,,,,,,,,,,,,,,,,,,,,,,,,,,,,,,,,,,,,,,,,,,,,,,,,,,,,,,,,,,,,,,,,
state 278,,,,,,,,,,,,,,,,,s219,,,,,,,,,,,,,,,,,,,,,,,,,,,,,,,,,,,,,,,,,,,,,,,,,,,,,,,,,,,,,,,,,,,,,,217,,,,,,,,,,,,,,,,,,,,,,,337,,,,,,,,,,,
state 279,,,,,,,,,,,,,,s344,,,,s247,,,,,,,,,,,,,,,,,,,,,,,,,,,,,,,,,,,,,,,,,s340,s341,s342,s343,,,,,,,,,,,,,,,,,,,,,,,,,,,,,,,,,,,,,,,,,,,,,,,,,338,339,,,,,,,,,
state 280,,,,,,,,,,,,,,,,,,,,,,,,,,,,,,,,,,,,,,,,,,,,,,,,,,,,,,,,,s345,,,,,,,,,,,,,,,,,,,,,,,,,,,,,,,,,,,,,,,,,,,,,,,,,,,,,,,,,,,,,,,,
state 281,,,,,,,,,,,,,,,,,,,,,,,,,,,,,,,,,,,,,,r64,,,,,,,,,,,,,,,,,,,,,,,,,,,,,,,,,,,,,,,,,,,,,,,,,,,,,,,,,,,,,,,,,,,,,,,,,,,,,,,,,,,
state 282,,,,,,,,,,,,,,,,,,,,,,,,,,,,,,,,,,,,,r65,r65,s346,,,,,,,,,,,,,,,,,,,,,,,,,,,,,,,,,,,,,,,,,,,,,,,,,,,,,,,,,,,,,,,,,,,,,,,,,,,,,,,,,,
state 283,,,,,,,,,,,,,,,,,,,r124,r124,,,,,,,,,r124,r124,r124,,,,r124,r124,r124,r124,r124,r124,r124,r124,r124,r124,r124,r124,r124,r124,r124,r124,r124,r124,r124,r124,r124,r124,,,,,,,,,,,,,,,,,,,,,,,,,,,,,,,,,,,,,,,,,,,,,,,,,,,,,,,,,,,,,,,,,
state 284,,,,,,,,,,,,,,,,,,,,,,,,,,,,,,,,,,,,,s347,,,,,,,,,,,,,,,,,,,,,,,,,,,,,,,,,,,,,,,,,,,,,,,,,,,,,,,,,,,,,,,,,,,,,,,,,,,,,,,,,,,,
state 285,,,,,,,,,,,,,,,,,,,s349,,,,,,,,,,,,,,,,,,,,,,,,,,,,,,,,,,,,,s348,,,,,,,,,,,,,,,,,,,,,,,,,,,,,,,,,,,,,,,,,,,,,,,,,,,,,,,,,,,,,,,,,
state 286,,,,,,,,,,,,,,,,,,,,,,,,,,,,,,,,,,,,,,s350,,,,,,,,,,,,,,,,,,,,,,,,,,,,,,,,,,,,,,,,,,,,,,,,,,,,,,,,,,,,,,,,,,,,,,,,,,,,,,,,,,,
state 287,,,,,,,,,,,,,,,,,,,,r94,,,,,,,,,,r94,r94,,,,r94,r94,r94,r94,r94,r94,r94,r94,r94,r94,r94,r94,r94,r94,s230,s231,r94,r94,r94,r94,r94,,,,,,,,,,,,,,,,,,,,,,,,,,,,,,,,,,,,,,,,,,,,,,,,,,,,,,,,,,,,,,,,,,
state 288,,,,,,,,,,,,,,,,,,,,r95,,,,,,,,,,r95,r95,,,,r95,r95,r95,r95,r95,r95,r95,r95,r95,r95,r95,r95,r95,r95,s230,s231,r95,r95,r95,r95,r95,,,,,,,,,,,,,,,,,,,,,,,,,,,,,,,,,,,,,,,,,,,,,,,,,,,,,,,,,,,,,,,,,,
state 289,,,,,,,,,,,,,,,,,,,,r96,,,,,,,,,,r96,r96,,,,r96,r96,r96,r96,r96,r96,r96,r96,r96,r96,r96,r96,r96,r96,s230,s231,r96,r96,r96,r96,r96,,,,,,,,,,,,,,,,,,,,,,,,,,,,,,,,,,,,,,,,,,,,,,,,,,,,,,,,,,,,,,,,,,
state 290,,,,,,,,,,,,,,,,,,,,r97,,,,,,,,,,r97,r97,,,,r97,r97,r97,r97,r97,r97,r97,r97,r97,r97,r97,r97,r97,r97,s230,s231,r97,r97,r97,r97,r97,,,,,,,,,,,,,,,,,,,,,,,,,,,,,,,,,,,,,,,,,,,,,,,,,,,,,,,,,,,,,,,,,,
state 291,,,,,,,,,,,,,,,,,,,,s88,,,,,,,,,,r99,r99,,,,r99,r99,r99,r99,r99,r99,r99,r99,r99,r99,r99,r99,r99,r99,r99,r99,s87,r99,r99,r99,r99,,,,,,,,,,,,,,,,,,,,,,,,,,,,,,,,,,,,,,,,,,,,,,,,,,,,,,,,,,,,,,,,,,
state 292,,,,,,,,,,,,,,,,,,,,s88,,,,,,,,,,r100,r100,,,,r100,r100,r100,r100,r100,r100,r100,r100,r100,r100,r100,r100,r100,r100,r100,r100,s87,r100,r100,r100,r100,,,,,,,,,,,,,,,,,,,,,,,,,,,,,,,,,,,,,,,,,,,,,,,,,,,,,,,,,,,,,,,,,,
state 293,,,,,,,,,,,,,,,,,,,,,,,,,,,,,,,,,,,,,r64,,,,,,,,,,,,,,,,,,,,,,,,,,,,,,,,,,,,,,,,,,,,,,,,,,,,,,,,,,,,,,,,,,,,,,,,,,,,,,,,,,,,
state 294,,,,,,,,,,,,,,,,,,,,,,s351,,,,,,,,,,,,,,,,,,,,,,,,,,,,,,,,,,,,,,,,,,,,,,,,,,,,,,,,,,,,,,,,,,,,,,,,,,,,,,,,,,,,,,,,,,,,,,,,,,,
state 295,,,,,,,,,s118,,,,,,,,,s57,s58,s59,s60,s61,s62,s63,s64,s65,s66,s67,s68,,,,,,,,,,,,,,,,,,,,,,,,,,,,,,,,,,,,,,,,,,,,,,,,,,,,,,,,,352,,173,174,175,176,26,27,28,29,30,31,32,33,34,35,36,37,38,39,,,,,,,,,,,,,,,,
state 296,,,,,,,,,,,,,,,,,,,r126,,,,r126,r126,,,,,r126,,,,,r126,,,,,,,,,,,,,,,,,,,,,,r126,,,,,,,,,,,,,,,,,,,,,,,,,,,,,,,,,,,,,,,,,,,,,,,,,,,,,,,,,,,,,,,,,
state 297,,,,,,,,,,,,,,,,,,,,,,,,,,,,,,,,,,,,,,s353,,,,,,,,,,,,,,,,,,,,,,,,,,,,,,,,,,,,,,,,,,,,,,,,,,,,,,,,,,,,,,,,,,,,,,,,,,,,,,,,,,,
state 298,r26,r26,r26,r26,r26,r26,r26,r26,r26,r26,r26,r26,r26,r26,r26,r26,r26,r26,r26,r26,r26,r26,r26,r26,r26,r26,r26,r26,r26,r26,,s357,s356,,,,,,,,,,,,,,,,,,,,,,,,,,,,,,,,,,,,,,,,,,,,,,,,,,,,,,,,,,,,,,,,,,,,,,,,,,,,,,,,,,354,355,,,,,
state 299,r5,r5,r5,r5,r5,r5,r5,r5,r5,r5,r5,r5,r5,r5,r5,r5,r5,r5,r5,r5,r5,r5,r5,r5,r5,r5,r5,r5,r5,r5,,r5,r5,,,,,,,,,,,,,,,,,,,,,,,,,,,,,,,,,,,,,,,,,,,,,,,,,,,,,,,,,,,,,,,,,,,,,,,,,,,,,,,,,,,,,,,,
state 300,r6,r6,r6,r6,r6,r6,r6,r6,r6,r6,r6,r6,r6,r6,r6,r6,r6,r6,r6,r6,r6,r6,r6,r6,r6,r6,r6,r6,r6,r6,,r6,r6,,,,,,,,,,,,,,,,,,,,,,,,,,,,,,,,,,,,,,,,,,,,,,,,,,,,,,,,,,,,,,,,,,,,,,,,,,,,,,,,,,,,,,,,
state 301,r7,r7,r7,r7,r7,r7,r7,r7,r7,r7,r7,r7,r7,r7,r7,r7,r7,r7,r7,r7,r7,r7,r7,r7,r7,r7,r7,r7,r7,r7,,r7,r7,,,,,,,,,,,,,,,,,,,,,,,,,,,,,,,,,,,,,,,,,,,,,,,,,,,,,,,,,,,,,,,,,,,,,,,,,,,,,,,,,,,,,,,,
state 302,r8,r8,r8,r8,r8,r8,r8,r8,r8,r8,r8,r8,r8,r8,r8,r8,r8,r8,r8,r8,r8,r8,r8,r8,r8,r8,r8,r8,r8,r8,,r8,r8,,,,,,,,,,,,,,,,,,,,,,,,,,,,,,,,,,,,,,,,,,,,,,,,,,,,,,,,,,,,,,,,,,,,,,,,,,,,,,,,,,,,,,,,
state 303,r9,r9,r9,r9,r9,r9,r9,r9,r9,r9,r9,r9,r9,r9,r9,r9,r9,r9,r9,r9,r9,r9,r9,r9,r9,r9,r9,r9,r9,r9,,r9,r9,,,,,,,,,,,,,,,,,,,,,,,,,,,,,,,,,,,,,,,,,,,,,,,,,,,,,,,,,,,,,,,,,,,,,,,,,,,,,,,,,,,,,,,,
state 304,r10,r10,r10,r10,r10,r10,r10,r10,r10,r10,r10,r10,r10,r10,r10,r10,r10,r10,r10,r10,r10,r10,r10,r10,r10,r10,r10,r10,r10,r10,,r10,r10,,,,,,,,,,,,,,,,,,,,,,,,,,,,,,,,,,,,,,,,,,,,,,,,,,,,,,,,,,,,,,,,,,,,,,,,,,,,,,,,,,,,,,,,
state 305,r11,r11,r11,r11,r11,r11,r11,r11,r11,r11,r11,r11,r11,r11,r11,r11,r11,r11,r11,r11,r11,r11,r11,r11,r11,r11,r11,r11,r11,r11,,r11,r11,,,,,,,,,,,,,,,,,,,,,,,,,,,,,,,,,,,,,,,,,,,,,,,,,,,,,,,,,,,,,,,,,,,,,,,,,,,,,,,,,,,,,,,,
state 306,r12,r12,r12,r12,r12,r12,r12,r12,r12,r12,r12,r12,r12,r12,r12,r12,r12,r12,r12,r12,r12,r12,r12,r12,r12,r12,r12,r12,r12,r12,,r12,r12,,,,,,,,,,,,,,,,,,,,,,,,,,,,,,,,,,,,,,,,,,,,,,,,,,,,,,,,,,,,,,,,,,,,,,,,,,,,,,,,,,,,,,,,
state 307,r13,r13,r13,r13,r13,r13,r13,r13,r13,r13,r13,r13,r13,r13,r13,r13,r13,r13,r13,r13,r13,r13,r13,r13,r13,r13,r13,r13,r13,r13,,r13,r13,,,,,,,,,,,,,,,,,,,,,,,,,,,,,,,,,,,,,,,,,,,,,,,,,,,,,,,,,,,,,,,,,,,,,,,,,,,,,,,,,,,,,,,,
state 308,r14,r14,r14,r14,r14,r14,r14,r14,r14,r14,r14,r14,r14,r14,r14,r14,r14,r14,r14,r14,r14,r14,r14,r14,r14,r14,r14,r14,r14,r14,,r14,r14,,,,,,,,,,,,,,,,,,,,,,,,,,,,,,,,,,,,,,,,,,,,,,,,,,,,,,,,,,,,,,,,,,,,,,,,,,,,,,,,,,,,,,,,
state 309,r15,r15,r15,r15,r15,r15,r15,r15,r15,r15,r15,r15,r15,r15,r15,r15,r15,r15,r15,r15,r15,r15,r15,r15,r15,r15,r15,r15,r15,r15,,r15,r15,,,,,,,,,,,,,,,,,,,,,,,,,,,,,,,,,,,,,,,,,,,,,,,,,,,,,,,,,,,,,,,,,,,,,,,,,,,,,,,,,,,,,,,,
state 310,r16,r16,r16,r16,r16,r16,r16,r16,r16,r16,r16,r16,r16,r16,r16,r16,r16,r16,r16,r16,r16,r16,r16,r16,r16,r16,r16,r16,r16,r16,,r16,r16,,,,,,,,,,,,,,,,,,,,,,,,,,,,,,,,,,,,,,,,,,,,,,,,,,,,,,,,,,,,,,,,,,,,,,,,,,,,,,,,,,,,,,,,
state 311,,,,,,,,,,,,,,,,,,,,,,,,,,,,,,,s358,,,,,,,,,,,,,,,,,,,,,,,,,,,,,,,,,,,,,,,,,,,,,,,,,,,,,,,,,,,,,,,,,,,,,,,,,,,,,,,,,,,,,,,,,,
state 312,,,,,,,,,,,,,,,,,,,,,,,,,s359,s360,,,,,,,,,,,,,,,,,,,,,,,,,,,,,,,,,,,,,,,,,,,,,,,,,,,,,,,,,,,,,,,,,,,,,,,,,,,,,,,,,,,,,,,,,,,,,,,
state 313,,,,,,,,,,,,,,,,,,,,,,,,,,,,,,,s361,,,,,,,,,,,,,,,,,,,,,,,,,,,,,,,,,,,,,,,,,,,,,,,,,,,,,,,,,,,,,,,,,,,,,,,,,,,,,,,,,,,,,,,,,,
state 314,,,,,,,,,,,,,,,,,,,,,,,,,,,,,,,s362,,,,,,,,,,,,,,,,,,,,,,,,,,,,,,,,,,,,,,,,,,,,,,,,,,,,,,,,,,,,,,,,,,,,,,,,,,,,,,,,,,,,,,,,,,
state 315,,,,,,,,,s118,,,,,,,,,s57,s58,s59,s60,s61,s62,s63,s64,s65,s66,s67,s68,,,,,,,,,,,,,,,,,,,,,,,,,,,,,,,,,,,,,,,,,,,,,,,,,,,,,,,,,363,,22,23,24,25,26,27,28,29,30,31,32,33,34,35,36,37,38,39,,,,,,,,,,,,,,,,
state 316,,,,,,,,,,,,,,,,,,,,,,,,,,,,,,,,,,,,,,s364,,,,,,,,,,,,,,,,,,,,,,,,,,,,,,,,,,,,,,,,,,,,,,,,,,,,,,,,,,,,,,,,,,,,,,,,,,,,,,,,,,,
state 317,,,,,,,,,,,,,,,,,,,r150,,,,,,,,,,,,,,,r150,,,,,,,,,,,,,,,,,,,,,,,,,,,,,,,,,,,,,,,,,,,,,,,,,,,,,,,,,,,,,,,,,,,,,,,,,,,,,,,,,,,,,,,
state 318,,,,,,,,,,,,,,s373,,,,s247,,,,,,,,,,,,,,,,,,,s368,,,,,,,,,,,,,,,,,,,,,,s369,s370,s371,s372,,,,,,,,,,,,,,,,,,,,,,,,,,,,,,,,,,,,,,,,,,,,,,,,,366,367,,,,,365,,,,
state 319,,,,,,,,,,,,,,,,,,,,,,,,,,,,,,,,,,,,,s374,,,,,,,,,,,,,,,,,,,,,,,,,,,,,,,,,,,,,,,,,,,,,,,,,,,,,,,,,,,,,,,,,,,,,,,,,,,,,,,,,,,,
state 320,,,,,,,,,,,,,,,,,,,,,,,,,,,,,,s378,,,,,,,,,,,,,,,,,,,,,,,,,,,,,,,,,s379,s380,,,,,,,,,,,,,,,,,,,,,,,,,,,,,,,,,,,,,,,,,,,,,,,,,,,,,,375,376,377,
state 321,,,,,,,,,,,,,,,,,,,,,,r142,,,,,,,,r142,,,,,,,,,,,,,,,,,,,,,,,,,,,,,,,,,,,,,,,,,,,,,,,,,,,,,,,,,,,,,,,,,,,,,,,,,,,,,,,,,,,,,,,,,,,
state 322,r140,r140,r140,r140,r140,r140,r140,r140,r140,r140,r140,r140,r140,r140,r140,r140,r140,r140,r140,r140,r140,r140,r140,r140,r140,r140,r140,r140,r140,r140,,r140,r140,,,,,,,,,,,,,,,,,,,,,,,,,,,,,,,,,,,,,,,,,,,,,,,,,,,,,,,,,,,,,,,,,,,,,,,,,,,,,,,,,,,,,,,,
state 323,,,,,,,,,,,,,,s387,,,,s247,,,,,,,,,,,,,,,,,,,,,,,,,,,,,,,,,,,,,,,,,s383,s384,s385,s386,,,,,,,,,,,,,,,,,,,,,,,,,,,,,,,,,,,,,,,,,,,,,,,,,381,382,,,,,,,,,
state 324,,,,,,,,,,,,,,,,,,,,,,,,,,,,,,,s388,,,,,,,,,,,,,,,,,,,,,,,,,,,,,,,,,,,,,,,,,,,,,,,,,,,,,,,,,,,,,,,,,,,,,,,,,,,,,,,,,,,,,,,,,,
state 325,,,,,,,,,s118,,,,,,,,,s57,s58,s59,s60,s61,s62,s63,s64,s65,s66,s67,s68,,,,,,,,s390,,,,,,,,,,,,,,,,,,,,,,,,,,,,,,,,,,,,,,,,,,,,,,,,,178,,130,131,132,133,26,27,28,29,30,31,32,33,34,35,36,37,38,39,,,389,,,,,,,,,,,,,
state 326,,,,,,,,,,,,,,,,,,,,,,,,,,,,,,,r62,,,,,,,,,,,,,,,,,,,,,,,,,,,,,,,,,,,,,,,,,,,,,,,,,,,,,,,,,,,,,,,,,,,,,,,,,,,,,,,,,,,,,,,,,,
state 327,,,,,,,,,,,,,,,,,,,,,,,,,,,,,,,r32,,,,,,,,r32,,,,,,,,,,,,,,,,,,,,,,,,,,,,,,,,,,,,,,,,,,,,,,,,,,,,,,,,,,,,,,,,,,,,,,,,,,,,,,,,,,
state 328,,,,,,,,,,,,,,s397,,,,s247,,,,,,,,,,,,,,,,,,,,,,,,,,,,,,,,,,,,,,,,,s393,s394,s395,s396,,,,,,,,,,,,,,,,,,,,,,,,,,,,,,,,,,,,,,,,,,,,,,,,,391,392,,,,,,,,,
state 329,,,,,,,,,s118,,,,,,,,,s57,s58,s59,s60,s61,s62,s63,s64,s65,s66,s67,s68,,,,,,,,s399,,,,,,,,,,,,,,,,,,,,,,,,,,,,,,,,,,,,,,,,,,,,,,,,,178,,130,131,132,133,26,27,28,29,30,31,32,33,34,35,36,37,38,39,,,398,,,,,,,,,,,,,
state 330,,,,,,,,,,,,,,,,,,,,,,,,,,,,,,,,,,,,,s400,,,,,,,,,,,,,,,,,,,,,,,,,,,,,,,,,,,,,,,,,,,,,,,,,,,,,,,,,,,,,,,,,,,,,,,,,,,,,,,,,,,,
state 331,,,,,,,,,s269,,,,,,,,,,,,,,,,,,,,,,,,,,,,,,,,,,,,,,,,,,,,,,,,,,,,,,,,,,,,,,,,,401,,,,,,,,,,,,,,,,,,,,,,,,,,,,,,,,,,,,,,,,,,,,,,,
state 332,r66,r66,r66,r66,r66,r66,r66,r66,r66,r66,r66,r66,r66,r66,r66,r66,r66,r66,r66,r66,r66,r66,r66,r66,r66,r66,r66,r66,r66,r66,,r66,r66,,,,,,,,,,,,,,,,,,,,,,,,,,,,,,,,,,,,,,,,,,,,,,,,,,,,,,,,,,,,,,,,,,,,,,,,,,,,,,,,,,,,,,,,
state 333,r35,r35,r35,r35,r35,r35,r35,r35,r35,r35,r35,r35,r35,r35,r35,r35,r35,r35,r35,r35,r35,r35,r35,r35,r35,r35,r35,r35,r35,r35,,r35,r35,,,,,,,,,,,,,,,,,,,,,,,,,,,,,,,,,,,,,,,,,,,,,,,,,,,,,,,,,,,,,,,,,,,,,,,,,,,,,,,,,,,,,,,,
state 334,,,,,,,,,,,,,,,,,,,,,,,,,,,,,,,,,,,,,,s402,,,,,,,,,,,,,,,,,,,,,,,,,,,,,,,,,,,,,,,,,,,,,,,,,,,,,,,,,,,,,,,,,,,,,,,,,,,,,,,,,,,
state 335,,,,,,,,,,,,,,,,,,,r150,,,,,,,,,,,,r150,,,r150,,,r150,,r150,,,,,,,,,,,,,,,,,,,,,,,,,,,,,,,,,,,,,,,,,,,,,,,,,,,,,,,,,,,,,,,,,,,,,,,,,,,,,,,,,,
state 336,,,,,,,,,,,,,,s344,,,,s247,,,,,,,,,,,,,,,,,,,,,,,,,,,,,,,,,,,,,,,,,s340,s341,s342,s343,,,,,,,,,,,,,,,,,,,,,,,,,,,,,,,,,,,,,,,,,,,,,,,,,403,339,,,,,,,,,
state 337,,,,,,,,,,,,,,,,,,,,,,,,,,,,,,,,,,,,,r75,,,,,,,,,,,,,,,,,,,,,,,,,,,,,,,,,,,,,,,,,,,,,,,,,,,,,,,,,,,,,,,,,,,,,,,,,,,,,,,,,,,,
state 338,,,,,,,,,,,,,,,,,,,s405,,,,,,,,,,,,,,,,,,,,,,,,,,,,,,,,,,,,,,,,,,,,,,s404,,,,,,,,,,,,,,,,,,,,,,,,,,,,,,,,,,,,,,,,,,,,,,,,,,,,,,,,
state 339,,,,,,,,,,,,,,,,,,,r151,,,,,,,,,,,,,,,,,,,,,,,,,,,,,,,,,,,,,,,,,,,,,,r151,,,,,,,,,,,,,,,,,,,,,,,,,,,,,,,,,,,,,,,,,,,,,,,,,,,,,,,,
state 340,,,,,,,,,,,,,,,,,,,r146,,,,,,,,,,,,,,,,,,,,,,,,,,,,,,,,,,,,,,,,,,,,,,r146,,,,,,,,,,,,,,,,,,,,,,,,,,,,,,,,,,,,,,,,,,,,,,,,,,,,,,,,
state 341,,,,,,,,,,,,,,,,,,,r147,,,,,,,,,,,,,,,,,,,,,,,,,,,,,,,,,,,,,,,,,,,,,,r147,,,,,,,,,,,,,,,,,,,,,,,,,,,,,,,,,,,,,,,,,,,,,,,,,,,,,,,,
state 342,,,,,,,,,,,,,,,,,,,r148,,,,,,,,,,,,,,,,,,,,,,,,,,,,,,,,,,,,,,,,,,,,,,r148,,,,,,,,,,,,,,,,,,,,,,,,,,,,,,,,,,,,,,,,,,,,,,,,,,,,,,,,
state 343,,,,,,,,,,,,,,,,,,,r149,,,,,,,,,,,,,,,,,,,,,,,,,,,,,,,,,,,,,,,,,,,,,,r149,,,,,,,,,,,,,,,,,,,,,,,,,,,,,,,,,,,,,,,,,,,,,,,,,,,,,,,,
state 344,,,,,,,,,,,,,,,,,,,,,,s406,,,,,,,,,,,,,,,,,,,,,,,,,,,,,,,,,,,,,,,,,,,,,,,,,,,,,,,,,,,,,,,,,,,,,,,,,,,,,,,,,,,,,,,,,,,,,,,,,,,
state 345,,,,,,,,,,,,,,s276,,,,s247,,,,,,,,,,,,,,,,,,,,,,,,,,,,,,,,,,,,,,,,,s272,s273,s274,s275,,,,,,,,,,,,,,,,,,,,,,,,,,,,,,,,,,,,,,,,,,,,,,,,,407,271,,,,,,,,,
state 346,,,,,,,,,s118,,,,,,,,,s57,s58,s59,s60,s61,s62,s63,s64,s65,s66,s67,s68,,,,,,,,,,,,,,,,,,,,,,,,,,,,,,,,,,,,,,,,,,,,,,,,,,,,,,,,,282,,130,131,132,133,26,27,28,29,30,31,32,33,34,35,36,37,38,39,,,408,,,,,,,,,,,,,
state 347,,,,,,,,,,,,,,,,,,,s410,,,,,,,,,,,,,,,,,,,,,,,,,,,,,,,,,,,,,s409,,,,,,,,,,,,,,,,,,,,,,,,,,,,,,,,,,,,,,,,,,,,,,,,,,,,,,,,,,,,,,,,,
state 348,,,,,,,,,,,,,,,,,,,,,,s411,,,,,,,,,,,,,,,,,,,,,,,,,,,,,,,,,,,,,,,,,,,,,,,,,,,,,,,,,,,,,,,,,,,,,,,,,,,,,,,,,,,,,,,,,,,,,,,,,,,
state 349,,,,,,,,,s118,,,,,,,,,s57,s58,s59,s60,s61,s62,s63,s64,s65,s66,s67,s68,,,,,,,,,,,,,,,,,,,,,,,,,,,,,,,,,,,,,,,,,,,,,,,,,,,,,,,,,412,,173,174,175,176,26,27,28,29,30,31,32,33,34,35,36,37,38,39,,,,,,,,,,,,,,,,
state 350,,,,,,,,,,,,,,,,,,,r127,r127,,,,,,,,,r127,r127,r127,,,,r127,r127,r127,r127,r127,r127,r127,r127,r127,r127,r127,r127,r127,r127,r127,r127,r127,r127,r127,r127,r127,r127,,,,,,,,,,,,,,,,,,,,,,,,,,,,,,,,,,,,,,,,,,,,,,,,,,,,,,,,,,,,,,,,,
state 351,,,,,,,,,,,,,,,,,,,r125,,,,r125,r125,,,,,r125,,,,,r125,,,,,,,,,,,,,,,,,,,,,,r125,,,,,,,,,,,,,,,,,,,,,,,,,,,,,,,,,,,,,,,,,,,,,,,,,,,,,,,,,,,,,,,,,
state 352,,,,,,,,,,,,,,,,,,,,,,,,,,,,,,,,,,,,,,s413,,,,,,,,,,,,,,,,,,,,,,,,,,,,,,,,,,,,,,,,,,,,,,,,,,,,,,,,,,,,,,,,,,,,,,,,,,,,,,,,,,,
state 353,,,,,,,,,,,,,,,,,,,r129,,,,r129,r129,,,,,r129,,,,,r129,,,,,,,,,,,,,,,,,,,,,,r129,,,,,,,,,,,,,,,,,,,,,,,,,,,,,,,,,,,,,,,,,,,,,,,,,,,,,,,,,,,,,,,,,
state 354,r24,r24,r24,r24,r24,r24,r24,r24,r24,r24,r24,r24,r24,r24,r24,r24,r24,r24,r24,r24,r24,r24,r24,r24,r24,r24,r24,r24,r24,r24,,s357,s415,,,,,,,,,,,,,,,,,,,,,,,,,,,,,,,,,,,,,,,,,,,,,,,,,,,,,,,,,,,,,,,,,,,,,,,,,,,,,,,,,,,414,,,,,
state 355,r28,r28,r28,r28,r28,r28,r28,r28,r28,r28,r28,r28,r28,r28,r28,r28,r28,r28,r28,r28,r28,r28,r28,r28,r28,r28,r28,r28,r28,r28,,r28,r28,,,,,,,,,,,,,,,,,,,,,,,,,,,,,,,,,,,,,,,,,,,,,,,,,,,,,,,,,,,,,,,,,,,,,,,,,,,,,,,,,,,,,,,,
state 356,,s429,s430,s431,s432,s45,s46,s47,s48,s49,s50,s51,s52,s53,s54,s55,s56,s57,s58,s59,s60,s61,s62,s63,s64,s65,s66,s67,s68,,,,,,,,,,,,,,,,,,,,,,,,,,,,,,,,,,,,,,,,416,417,418,419,420,421,422,423,424,425,426,427,428,16,17,18,19,20,21,22,23,24,25,26,27,28,29,30,31,32,33,34,35,36,37,38,39,,,,,,,,,,,,,,,,
state 357,,,,,,,,,,,,,,,,,,,,,,,,,,,,,s433,,,,,,,,,,,,,,,,,,,,,,,,,,,,,,,,,,,,,,,,,,,,,,,,,,,,,,,,,,,,,,,,,,,,,,,,,,,,,,,,,,,,,,,,,,,,
state 358,r17,r17,r17,r17,r17,r17,r17,r17,r17,r17,r17,r17,r17,r17,r17,r17,r17,r17,r17,r17,r17,r17,r17,r17,r17,r17,r17,r17,r17,r17,,r17,r17,,,,,,,,,,,,,,,,,,,,,,,,,,,,,,,,,,,,,,,,,,,,,,,,,,,,,,,,,,,,,,,,,,,,,,,,,,,,,,,,,,,,,,,,
state 359,,,,,,,,,,,,,,,,,,,,,,,,,,,,,,,s434,,,,,,,,,,,,,,,,,,,,,,,,,,,,,,,,,,,,,,,,,,,,,,,,,,,,,,,,,,,,,,,,,,,,,,,,,,,,,,,,,,,,,,,,,,
state 360,,,,,,,,,,,,,,,,,,,,,,,,,,,,,,,s435,,,,,,,,,,,,,,,,,,,,,,,,,,,,,,,,,,,,,,,,,,,,,,,,,,,,,,,,,,,,,,,,,,,,,,,,,,,,,,,,,,,,,,,,,,
state 361,r20,r20,r20,r20,r20,r20,r20,r20,r20,r20,r20,r20,r20,r20,r20,r20,r20,r20,r20,r20,r20,r20,r20,r20,r20,r20,r20,r20,r20,r20,,r20,r20,,,,,,,,,,,,,,,,,,,,,,,,,,,,,,,,,,,,,,,,,,,,,,,,,,,,,,,,,,,,,,,,,,,,,,,,,,,,,,,,,,,,,,,,
state 362,r21,r21,r21,r21,r21,r21,r21,r21,r21,r21,r21,r21,r21,r21,r21,r21,r21,r21,r21,r21,r21,r21,r21,r21,r21,r21,r21,r21,r21,r21,,r21,r21,,,,,,,,,,,,,,,,,,,,,,,,,,,,,,,,,,,,,,,,,,,,,,,,,,,,,,,,,,,,,,,,,,,,,,,,,,,,,,,,,,,,,,,,
state 363,,,,,,,,,,,,,,,,,,,,,,,,,,,,,,,s436,,,,,,,,,,,,,,,,,,,,,,,,,,,,,,,,,,,,,,,,,,,,,,,,,,,,,,,,,,,,,,,,,,,,,,,,,,,,,,,,,,,,,,,,,,
state 364,,,,,,,,,,,,,,,,,,,r145,,,,,,,,,,,,,,,r145,,,,,,,,,,,,,,,,,,,,,,,,,,,,,,,,,,,,,,,,,,,,,,,,,,,,,,,,,,,,,,,,,,,,,,,,,,,,,,,,,,,,,,,
state 365,,,,,,,,,,,,,,,,,,,,,,,,,,,,,,,,,,,,,s437,,,,,,,,,,,,,,,,,,,,,,,,,,,,,,,,,,,,,,,,,,,,,,,,,,,,,,,,,,,,,,,,,,,,,,,,,,,,,,,,,,,,
state 366,,,,,,,,,,,,,,,,,,,s439,,,,,,,,,,,,,,,,,,r155,,s438,,,,,,,,,,,,,,,,,,,,,,,,,,,,,,,,,,,,,,,,,,,,,,,,,,,,,,,,,,,,,,,,,,,,,,,,,,,,,,,,,,
state 367,,,,,,,,,,,,,,,,,,,r151,,,,,,,,,,,,,,,,,,r151,,r151,,,,,,,,,,,,,,,,,,,,,,,,,,,,,,,,,,,,,,,,,,,,,,,,,,,,,,,,,,,,,,,,,,,,,,,,,,,,,,,,,,
state 368,,,,,,,,,,,,,,,,,,,,,,,,,,,,,,,,,,,,,,,,,,,,,,,,,,,,,,,,,,,,,,,,,s440,,,,,,,,,,,,,,,,,,,,,,,,,,,,,,,,,,,,,,,,,,,,,,,,,,,,,,,,
state 369,,,,,,,,,,,,,,,,,,,r146,,,,,,,,,,,,,,,,,,r146,,r146,,,,,,,,,,,,,,,,,,,,,,,,,,,,,,,,,,,,,,,,,,,,,,,,,,,,,,,,,,,,,,,,,,,,,,,,,,,,,,,,,,
state 370,,,,,,,,,,,,,,,,,,,r147,,,,,,,,,,,,,,,,,,r147,,r147,,,,,,,,,,,,,,,,,,,,,,,,,,,,,,,,,,,,,,,,,,,,,,,,,,,,,,,,,,,,,,,,,,,,,,,,,,,,,,,,,,
state 371,,,,,,,,,,,,,,,,,,,r148,,,,,,,,,,,,,,,,,,r148,,r148,,,,,,,,,,,,,,,,,,,,,,,,,,,,,,,,,,,,,,,,,,,,,,,,,,,,,,,,,,,,,,,,,,,,,,,,,,,,,,,,,,
state 372,,,,,,,,,,,,,,,,,,,r149,,,,,,,,,,,,,,,,,,r149,,r149,,,,,,,,,,,,,,,,,,,,,,,,,,,,,,,,,,,,,,,,,,,,,,,,,,,,,,,,,,,,,,,,,,,,,,,,,,,,,,,,,,
state 373,,,,,,,,,,,,,,,,,,,,,,s441,,,,,,,,,,,,,,,,,,,,,,,,,,,,,,,,,,,,,,,,,,,,,,,,,,,,,,,,,,,,,,,,,,,,,,,,,,,,,,,,,,,,,,,,,,,,,,,,,,,
state 374,,,,,,,,,s269,,,,,,,,,,,,,,,,,,,,,,,,,,,,,,,,,,,,,,,,,,,,,,,,,,,,,,,,,,,,,,,,,442,,,,,,,,,,,,,,,,,,,,,,,,,,,,,,,,,,,,,,,,,,,,,,,
state 375,,,,,,,,,,,,,,,,,,,,,,,,,,,,,,s443,,,,,,,,,,,,,,,,,,,,,,,,,,,,,,,,,,,,,,,,,,,,,,,,,,,,,,,,,,,,,,,,,,,,,,,,,,,,,,,,,,,,,,,,,,,
state 376,,,,,,,,,,,,,,,,,,,,,,,,,,,,,,r45,,,,,,,,,,,,,,,,,,,,,,,,,,,,,,,,,s445,s380,,,,,,,,,,,,,,,,,,,,,,,,,,,,,,,,,,,,,,,,,,,,,,,,,,,,,,,,444,
state 377,,,,,,,,,,,,,,,,,,,,,,,,,,,,,,r47,,,,,,,,,,,,,,,,,,,,,,,,,,,,,,,,,r47,r47,,,,,,,,,,,,,,,,,,,,,,,,,,,,,,,,,,,,,,,,,,,,,,,,,,,,,,,,,
state 378,r42,r42,r42,r42,r42,r42,r42,r42,r42,r42,r42,r42,r42,r42,r42,r42,r42,r42,r42,r42,r42,r42,r42,r42,r42,r42,r42,r42,r42,r42,,r42,r42,,,,,,,,,,,,,,,,,,,,,,,,,,,,,,,,,,,,,,,,,,,,,,,,,,,,,,,,,,,,,,,,,,,,,,,,,,,,,,,,,,,,,,,,
state 379,,,,,,,,,,,,,,,,,,,,,,,,,,,,,,,,,,,,,,,,,,,,,,,,,,,,,,,,,s446,,,,,,,,,,,,,,,,,,,,,,,,,,,,,,,,,,,,,,,,,,,,,,,,,,,,,,,,,,,,,,,,
state 380,,,,,,,,,,,,,,,,,,,,,,,,,,,,,s447,,,,,,,,,,,,,,,,,,,,,,,,,,,,,,,,,,,,,,,,,,,,,,,,,,,,,,,,,,,,,,,,,,,,,,,,,,,,,,,,,,,,,,,,,,,,
state 381,,,,,,,,,,,,,,,,,,,s449,,,,,,,,,,,,s448,,,,,,,,,,,,,,,,,,,,,,,,,,,,,,,,,,,,,,,,,,,,,,,,,,,,,,,,,,,,,,,,,,,,,,,,,,,,,,,,,,,,,,,,,,
state 382,,,,,,,,,,,,,,,,,,,r151,,,,,,,,,,,,r151,,,,,,,,,,,,,,,,,,,,,,,,,,,,,,,,,,,,,,,,,,,,,,,,,,,,,,,,,,,,,,,,,,,,,,,,,,,,,,,,,,,,,,,,,,
state 383,,,,,,,,,,,,,,,,,,,r146,,,,,,,,,,,,r146,,,,,,,,,,,,,,,,,,,,,,,,,,,,,,,,,,,,,,,,,,,,,,,,,,,,,,,,,,,,,,,,,,,,,,,,,,,,,,,,,,,,,,,,,,
state 384,,,,,,,,,,,,,,,,,,,r147,,,,,,,,,,,,r147,,,,,,,,,,,,,,,,,,,,,,,,,,,,,,,,,,,,,,,,,,,,,,,,,,,,,,,,,,,,,,,,,,,,,,,,,,,,,,,,,,,,,,,,,,
state 385,,,,,,,,,,,,,,,,,,,r148,,,,,,,,,,,,r148,,,,,,,,,,,,,,,,,,,,,,,,,,,,,,,,,,,,,,,,,,,,,,,,,,,,,,,,,,,,,,,,,,,,,,,,,,,,,,,,,,,,,,,,,,
state 386,,,,,,,,,,,,,,,,,,,r149,,,,,,,,,,,,r149,,,,,,,,,,,,,,,,,,,,,,,,,,,,,,,,,,,,,,,,,,,,,,,,,,,,,,,,,,,,,,,,,,,,,,,,,,,,,,,,,,,,,,,,,,
state 387,,,,,,,,,,,,,,,,,,,,,,s450,,,,,,,,,,,,,,,,,,,,,,,,,,,,,,,,,,,,,,,,,,,,,,,,,,,,,,,,,,,,,,,,,,,,,,,,,,,,,,,,,,,,,,,,,,,,,,,,,,,
state 388,,,,,,,,,s118,,,,,,,,,s57,s58,s59,s60,s61,s62,s63,s64,s65,s66,s67,s68,,,,,,,,s452,,,,,,,,,,,,,,,,,,,,,,,,,,,,,,,,,,,,,,,,,,,,,,,,,178,,130,131,132,133,26,27,28,29,30,31,32,33,34,35,36,37,38,39,,,451,,,,,,,,,,,,,
state 389,,,,,,,,,,,,,,,,,,,,,,,,,,,,,,,,,,,,,s453,,,,,,,,,,,,,,,,,,,,,,,,,,,,,,,,,,,,,,,,,,,,,,,,,,,,,,,,,,,,,,,,,,,,,,,,,,,,,,,,,,,,
state 390,,,,,,,,,s269,,,,,,,,,,,,,,,,,,,,,,,,,,,,,,,,,,,,,,,,,,,,,,,,,,,,,,,,,,,,,,,,,454,,,,,,,,,,,,,,,,,,,,,,,,,,,,,,,,,,,,,,,,,,,,,,,
state 391,,,,,,,,,,,,,,,,,,,s456,,,,,,,,,,,,r33,,,r33,,,,,r33,,,,,,,,,,,,,,,,,,,,,,,,,,,s455,,,,,,,,,,,,,,,,,,,,,,,,,,,,,,,,,,,,,,,,,,,,,,,,,,,,,,,
state 392,,,,,,,,,,,,,,,,,,,r151,,,,,,,,,,,,r151,,,r151,,,r151,,r151,,,,,,,,,,,,,,,,,,,,,,,,,,,r151,,,,,,,,,,,,,,,,,,,,,,,,,,,,,,,,,,,,,,,,,,,,,,,,,,,,,,,
state 393,,,,,,,,,,,,,,,,,,,r146,,,,,,,,,,,,r146,,,r146,,,r146,,r146,,,,,,,,,,,,,,,,,,,,,,,,,,,r146,,,,,,,,,,,,,,,,,,,,,,,,,,,,,,,,,,,,,,,,,,,,,,,,,,,,,,,
state 394,,,,,,,,,,,,,,,,,,,r147,,,,,,,,,,,,r147,,,r147,,,r147,,r147,,,,,,,,,,,,,,,,,,,,,,,,,,,r147,,,,,,,,,,,,,,,,,,,,,,,,,,,,,,,,,,,,,,,,,,,,,,,,,,,,,,,
state 395,,,,,,,,,,,,,,,,,,,r148,,,,,,,,,,,,r148,,,r148,,,r148,,r148,,,,,,,,,,,,,,,,,,,,,,,,,,,r148,,,,,,,,,,,,,,,,,,,,,,,,,,,,,,,,,,,,,,,,,,,,,,,,,,,,,,,
state 396,,,,,,,,,,,,,,,,,,,r149,,,,,,,,,,,,r149,,,r149,,,r149,,r149,,,,,,,,,,,,,,,,,,,,,,,,,,,r149,,,,,,,,,,,,,,,,,,,,,,,,,,,,,,,,,,,,,,,,,,,,,,,,,,,,,,,
state 397,,,,,,,,,,,,,,,,,,,,,,s457,,,,,,,,,,,,,,,,,,,,,,,,,,,,,,,,,,,,,,,,,,,,,,,,,,,,,,,,,,,,,,,,,,,,,,,,,,,,,,,,,,,,,,,,,,,,,,,,,,,
state 398,,,,,,,,,,,,,,,,,,,,,,,,,,,,,,,,,,,,,s458,,,,,,,,,,,,,,,,,,,,,,,,,,,,,,,,,,,,,,,,,,,,,,,,,,,,,,,,,,,,,,,,,,,,,,,,,,,,,,,,,,,,
state 399,,,,,,,,,s269,,,,,,,,,,,,,,,,,,,,,,,,,,,,,,,,,,,,,,,,,,,,,,,,,,,,,,,,,,,,,,,,,459,,,,,,,,,,,,,,,,,,,,,,,,,,,,,,,,,,,,,,,,,,,,,,,
state 400,,,,,,,,,s269,,,,,,,,,,,,,,,,,,,,,,,,,,,,,,,,,,,,,,,,,,,,,,,,,,,,,,,,,,,,,,,,,460,,,,,,,,,,,,,,,,,,,,,,,,,,,,,,,,,,,,,,,,,,,,,,,
state 401,r61,r61,r61,r61,r61,r61,r61,r61,r61,r61,r61,r61,r61,r61,r61,r61,r61,r61,r61,r61,r61,r61,r61,r61,r61,r61,r61,r61,r61,r61,,r61,r61,,,,,,,,,,,,,,,,,,,,,,,,,,,,,,,,,,,,,,,,,,,,,,,,,,,,,,,,,,,,,,,,,,,,,,,,,,,,,,,,,,,,,,,,
state 402,,,,,,,,,,,,,,,,,,,r145,,,,,,,,,,,,r145,,,r145,,,r145,,r145,,,,,,,,,,,,,,,,,,,,,,,,,,,,,,,,,,,,,,,,,,,,,,,,,,,,,,,,,,,,,,,,,,,,,,,,,,,,,,,,,,
state 403,,,,,,,,,,,,,,,,,,,s405,,,,,,,,,,,,,,,,,,,,,,,,,,,,,,,,,,,,,,,,,,,,,,s461,,,,,,,,,,,,,,,,,,,,,,,,,,,,,,,,,,,,,,,,,,,,,,,,,,,,,,,,
state 404,,,,,,,,,s463,,,,,,,,,,,,,,,,,,,,,,,,,,,,,,,,,,,,,,,,,,,,,,,,,,,,,,,,,,,,,,,,,462,,,,,,,,,,,,,,,,,,,,,,,,,,,,,,,,,,,,,,,,,,,,,,,
state 405,,,,,,,,,,,,,,,,,,,,,,,,,,,,,,,,,,,,,,s464,,,,,,,,,,,,,,,,,,,,,,,,,,,,,,,,,,,,,,,,,,,,,,,,,,,,,,,,,,,,,,,,,,,,,,,,,,,,,,,,,,,
state 406,,,,,,,,,,,,,,,,,,,r150,,,,,,,,,,,,,,,,,,,,,,,,,,,,,,,,,,,,,,,,,,,,,,r150,,,,,,,,,,,,,,,,,,,,,,,,,,,,,,,,,,,,,,,,,,,,,,,,,,,,,,,,
state 407,,,,,,,,,,,,,,,,,,,s334,,,,,,,,,,,,,,,,,,r33,,r33,,,,,,,,,,,,,,,,,,,,,,,,,,,,,,,,,,,,,,,,,,,,,,,,,,,,,,,,,,,,,,,,,,,,,,,,,,,,,,,,,,
state 408,,,,,,,,,,,,,,,,,,,,,,,,,,,,,,,,,,,,,r64,r64,,,,,,,,,,,,,,,,,,,,,,,,,,,,,,,,,,,,,,,,,,,,,,,,,,,,,,,,,,,,,,,,,,,,,,,,,,,,,,,,,,,
state 409,,,,,,,,,,,,,,,,,,,,,,s465,,,,,,,,,,,,,,,,,,,,,,,,,,,,,,,,,,,,,,,,,,,,,,,,,,,,,,,,,,,,,,,,,,,,,,,,,,,,,,,,,,,,,,,,,,,,,,,,,,,
state 410,,,,,,,,,s118,,,,,,,,,s57,s58,s59,s60,s61,s62,s63,s64,s65,s66,s67,s68,,,,,,,,,,,,,,,,,,,,,,,,,,,,,,,,,,,,,,,,,,,,,,,,,,,,,,,,,466,,173,174,175,176,26,27,28,29,30,31,32,33,34,35,36,37,38,39,,,,,,,,,,,,,,,,
state 411,,,,,,,,,,,,,,,,,,,r126,r126,,,,,,,,,r126,r126,r126,,,,r126,r126,r126,r126,r126,r126,r126,r126,r126,r126,r126,r126,r126,r126,r126,r126,r126,r126,r126,r126,r126,r126,,,,,,,,,,,,,,,,,,,,,,,,,,,,,,,,,,,,,,,,,,,,,,,,,,,,,,,,,,,,,,,,,
state 412,,,,,,,,,,,,,,,,,,,,,,,,,,,,,,,,,,,,,,s467,,,,,,,,,,,,,,,,,,,,,,,,,,,,,,,,,,,,,,,,,,,,,,,,,,,,,,,,,,,,,,,,,,,,,,,,,,,,,,,,,,,
state 413,,,,,,,,,,,,,,,,,,,r128,,,,r128,r128,,,,,r128,,,,,r128,,,,,,,,,,,,,,,,,,,,,,r128,,,,,,,,,,,,,,,,,,,,,,,,,,,,,,,,,,,,,,,,,,,,,,,,,,,,,,,,,,,,,,,,,
state 414,r27,r27,r27,r27,r27,r27,r27,r27,r27,r27,r27,r27,r27,r27,r27,r27,r27,r27,r27,r27,r27,r27,r27,r27,r27,r27,r27,r27,r27,r27,,r27,r27,,,,,,,,,,,,,,,,,,,,,,,,,,,,,,,,,,,,,,,,,,,,,,,,,,,,,,,,,,,,,,,,,,,,,,,,,,,,,,,,,,,,,,,,
state 415,,s429,s430,s431,s432,s45,s46,s47,s48,s49,s50,s51,s52,s53,s54,s55,s56,s57,s58,s59,s60,s61,s62,s63,s64,s65,s66,s67,s68,,,,,,,,,,,,,,,,,,,,,,,,,,,,,,,,,,,,,,,,468,417,418,419,420,421,422,423,424,425,426,427,428,16,17,18,19,20,21,22,23,24,25,26,27,28,29,30,31,32,33,34,35,36,37,38,39,,,,,,,,,,,,,,,,
state 416,r25,r25,r25,r25,r25,r25,r25,r25,r25,r25,r25,r25,r25,r25,r25,r25,r25,r25,r25,r25,r25,r25,r25,r25,r25,r25,r25,r25,r25,r25,,r25,r25,,,,,,,,,,,,,,,,,,,,,,,,,,,,,,,,,,,,,,,,,,,,,,,,,,,,,,,,,,,,,,,,,,,,,,,,,,,,,,,,,,,,,,,,
state 417,r5,r5,r5,r5,r5,r5,r5,r5,r5,r5,r5,r5,r5,r5,r5,r5,r5,r5,r5,r5,r5,r5,r5,r5,r5,r5,r5,r5,r5,r5,,r5,r5,,,,,,,,,,,,,,,,,,,,,,,,,,,,,,,,,,,,,,,,,,,,,,,,,,,,,,,,,,,,,,,,,,,,,,,,,,,,,,,,,,,,,,,,
state 418,r6,r6,r6,r6,r6,r6,r6,r6,r6,r6,r6,r6,r6,r6,r6,r6,r6,r6,r6,r6,r6,r6,r6,r6,r6,r6,r6,r6,r6,r6,,r6,r6,,,,,,,,,,,,,,,,,,,,,,,,,,,,,,,,,,,,,,,,,,,,,,,,,,,,,,,,,,,,,,,,,,,,,,,,,,,,,,,,,,,,,,,,
state 419,r7,r7,r7,r7,r7,r7,r7,r7,r7,r7,r7,r7,r7,r7,r7,r7,r7,r7,r7,r7,r7,r7,r7,r7,r7,r7,r7,r7,r7,r7,,r7,r7,,,,,,,,,,,,,,,,,,,,,,,,,,,,,,,,,,,,,,,,,,,,,,,,,,,,,,,,,,,,,,,,,,,,,,,,,,,,,,,,,,,,,,,,
state 420,r8,r8,r8,r8,r8,r8,r8,r8,r8,r8,r8,r8,r8,r8,r8,r8,r8,r8,r8,r8,r8,r8,r8,r8,r8,r8,r8,r8,r8,r8,,r8,r8,,,,,,,,,,,,,,,,,,,,,,,,,,,,,,,,,,,,,,,,,,,,,,,,,,,,,,,,,,,,,,,,,,,,,,,,,,,,,,,,,,,,,,,,
state 421,r9,r9,r9,r9,r9,r9,r9,r9,r9,r9,r9,r9,r9,r9,r9,r9,r9,r9,r9,r9,r9,r9,r9,r9,r9,r9,r9,r9,r9,r9,,r9,r9,,,,,,,,,,,,,,,,,,,,,,,,,,,,,,,,,,,,,,,,,,,,,,,,,,,,,,,,,,,,,,,,,,,,,,,,,,,,,,,,,,,,,,,,
state 422,r10,r10,r10,r10,r10,r10,r10,r10,r10,r10,r10,r10,r10,r10,r10,r10,r10,r10,r10,r10,r10,r10,r10,r10,r10,r10,r10,r10,r10,r10,,r10,r10,,,,,,,,,,,,,,,,,,,,,,,,,,,,,,,,,,,,,,,,,,,,,,,,,,,,,,,,,,,,,,,,,,,,,,,,,,,,,,,,,,,,,,,,
state 423,r11,r11,r11,r11,r11,r11,r11,r11,r11,r11,r11,r11,r11,r11,r11,r11,r11,r11,r11,r11,r11,r11,r11,r11,r11,r11,r11,r11,r11,r11,,r11,r11,,,,,,,,,,,,,,,,,,,,,,,,,,,,,,,,,,,,,,,,,,,,,,,,,,,,,,,,,,,,,,,,,,,,,,,,,,,,,,,,,,,,,,,,
state 424,r12,r12,r12,r12,r12,r12,r12,r12,r12,r12,r12,r12,r12,r12,r12,r12,r12,r12,r12,r12,r12,r12,r12,r12,r12,r12,r12,r12,r12,r12,,r12,r12,,,,,,,,,,,,,,,,,,,,,,,,,,,,,,,,,,,,,,,,,,,,,,,,,,,,,,,,,,,,,,,,,,,,,,,,,,,,,,,,,,,,,,,,
state 425,r13,r13,r13,r13,r13,r13,r13,r13,r13,r13,r13,r13,r13,r13,r13,r13,r13,r13,r13,r13,r13,r13,r13,r13,r13,r13,r13,r13,r13,r13,,r13,r13,,,,,,,,,,,,,,,,,,,,,,,,,,,,,,,,,,,,,,,,,,,,,,,,,,,,,,,,,,,,,,,,,,,,,,,,,,,,,,,,,,,,,,,,
state 426,r14,r14,r14,r14,r14,r14,r14,r14,r14,r14,r14,r14,r14,r14,r14,r14,r14,r14,r14,r14,r14,r14,r14,r14,r14,r14,r14,r14,r14,r14,,r14,r14,,,,,,,,,,,,,,,,,,,,,,,,,,,,,,,,,,,,,,,,,,,,,,,,,,,,,,,,,,,,,,,,,,,,,,,,,,,,,,,,,,,,,,,,
state 427,r15,r15,r15,r15,r15,r15,r15,r15,r15,r15,r15,r15,r15,r15,r15,r15,r15,r15,r15,r15,r15,r15,r15,r15,r15,r15,r15,r15,r15,r15,,r15,r15,,,,,,,,,,,,,,,,,,,,,,,,,,,,,,,,,,,,,,,,,,,,,,,,,,,,,,,,,,,,,,,,,,,,,,,,,,,,,,,,,,,,,,,,
state 428,r16,r16,r16,r16,r16,r16,r16,r16,r16,r16,r16,r16,r16,r16,r16,r16,r16,r16,r16,r16,r16,r16,r16,r16,r16,r16,r16,r16,r16,r16,,r16,r16,,,,,,,,,,,,,,,,,,,,,,,,,,,,,,,,,,,,,,,,,,,,,,,,,,,,,,,,,,,,,,,,,,,,,,,,,,,,,,,,,,,,,,,,
state 429,,,,,,,,,,,,,,,,,,,,,,,,,,,,,,,s469,,,,,,,,,,,,,,,,,,,,,,,,,,,,,,,,,,,,,,,,,,,,,,,,,,,,,,,,,,,,,,,,,,,,,,,,,,,,,,,,,,,,,,,,,,
state 430,,,,,,,,,,,,,,,,,,,,,,,,,s470,s471,,,,,,,,,,,,,,,,,,,,,,,,,,,,,,,,,,,,,,,,,,,,,,,,,,,,,,,,,,,,,,,,,,,,,,,,,,,,,,,,,,,,,,,,,,,,,,,
state 431,,,,,,,,,,,,,,,,,,,,,,,,,,,,,,,s472,,,,,,,,,,,,,,,,,,,,,,,,,,,,,,,,,,,,,,,,,,,,,,,,,,,,,,,,,,,,,,,,,,,,,,,,,,,,,,,,,,,,,,,,,,
state 432,,,,,,,,,,,,,,,,,,,,,,,,,,,,,,,s473,,,,,,,,,,,,,,,,,,,,,,,,,,,,,,,,,,,,,,,,,,,,,,,,,,,,,,,,,,,,,,,,,,,,,,,,,,,,,,,,,,,,,,,,,,
state 433,,,,,,,,,s118,,,,,,,,,s57,s58,s59,s60,s61,s62,s63,s64,s65,s66,s67,s68,,,,,,,,,,,,,,,,,,,,,,,,,,,,,,,,,,,,,,,,,,,,,,,,,,,,,,,,,474,,141,142,143,144,26,27,28,29,30,31,32,33,34,35,36,37,38,39,,,,,,,,,,,,,,,,
state 434,r18,r18,r18,r18,r18,r18,r18,r18,r18,r18,r18,r18,r18,r18,r18,r18,r18,r18,r18,r18,r18,r18,r18,r18,r18,r18,r18,r18,r18,r18,,r18,r18,,,,,,,,,,,,,,,,,,,,,,,,,,,,,,,,,,,,,,,,,,,,,,,,,,,,,,,,,,,,,,,,,,,,,,,,,,,,,,,,,,,,,,,,
state 435,r19,r19,r19,r19,r19,r19,r19,r19,r19,r19,r19,r19,r19,r19,r19,r19,r19,r19,r19,r19,r19,r19,r19,r19,r19,r19,r19,r19,r19,r19,,r19,r19,,,,,,,,,,,,,,,,,,,,,,,,,,,,,,,,,,,,,,,,,,,,,,,,,,,,,,,,,,,,,,,,,,,,,,,,,,,,,,,,,,,,,,,,
state 436,r34,r34,r34,r34,r34,r34,r34,r34,r34,r34,r34,r34,r34,r34,r34,r34,r34,r34,r34,r34,r34,r34,r34,r34,r34,r34,r34,r34,r34,r34,,r34,r34,,,,,,,,,,,,,,,,,,,,,,,,,,,,,,,,,,,,,,,,,,,,,,,,,,,,,,,,,,,,,,,,,,,,,,,,,,,,,,,,,,,,,,,,
state 437,,,,,,,,,,,,,,,,,,,,,,,,,,,,,,,,,,,,,,,,,,,,,,,,,,,,,,,,,,,,,,,,,s475,,,,,,,,,,,,,,,,,,,,,,,,,,,,,,,,,,,,,,,,,,,,,,,,,,,,,,,,
state 438,,,,,,,,,,,,,,s373,,,,s247,,,,,,,,,,,,,,,,,,,,,,,,,,,,,,,,,,,,,,,,,s369,s370,s371,s372,,,,,,,,,,,,,,,,,,,,,,,,,,,,,,,,,,,,,,,,,,,,,,,,,366,367,,,,,476,,,,
state 439,,,,,,,,,,,,,,,,,,,,,,,,,,,,,,,,,,,,,,s477,,,,,,,,,,,,,,,,,,,,,,,,,,,,,,,,,,,,,,,,,,,,,,,,,,,,,,,,,,,,,,,,,,,,,,,,,,,,,,,,,,,
state 440,,,,,,,,,,,,,,s484,,,,s247,,,,,,,,,,,,,,,,,,,,,,,,,,,,,,,,,,,,,,,,,s480,s481,s482,s483,,,,,,,,,,,,,,,,,,,,,,,,,,,,,,,,,,,,,,,,,,,,,,,,,478,479,,,,,,,,,
state 441,,,,,,,,,,,,,,,,,,,r150,,,,,,,,,,,,,,,,,,r150,,r150,,,,,,,,,,,,,,,,,,,,,,,,,,,,,,,,,,,,,,,,,,,,,,,,,,,,,,,,,,,,,,,,,,,,,,,,,,,,,,,,,,
state 442,r39,r39,r39,r39,r39,r39,r39,r39,r39,r39,r39,r39,r39,r39,r39,r39,r39,r39,r39,r39,r39,r39,r39,r39,r39,r39,r39,r39,r39,r39,,r39,r39,,,,,,,,,,,,,,,,,,,,,,,,,,,,,,,,,,,,,,,,,,,,,,,,,,,,,,,,,,,,,,,,,,,,,,,,,,,,,,,,,,,,,,,,
state 443,r41,r41,r41,r41,r41,r41,r41,r41,r41,r41,r41,r41,r41,r41,r41,r41,r41,r41,r41,r41,r41,r41,r41,r41,r41,r41,r41,r41,r41,r41,,r41,r41,,,,,,,,,,,,,,,,,,,,,,,,,,,,,,,,,,,,,,,,,,,,,,,,,,,,,,,,,,,,,,,,,,,,,,,,,,,,,,,,,,,,,,,,
state 444,,,,,,,,,,,,,,,,,,,,,,,,,,,,,,r46,,,,,,,,,,,,,,,,,,,,,,,,,,,,,,,,,r46,r46,,,,,,,,,,,,,,,,,,,,,,,,,,,,,,,,,,,,,,,,,,,,,,,,,,,,,,,,,
state 445,,,,,,,,,,,,,,,,,,,,,,,,,,,,,,,,,,,,,,,,,,,,,,,,,,,,,,,,,s485,,,,,,,,,,,,,,,,,,,,,,,,,,,,,,,,,,,,,,,,,,,,,,,,,,,,,,,,,,,,,,,,
state 446,,,,,,,,,s487,,,,,,,,,,,,,,,,,,,,,,,,,,,,,,,,,,,,,,,,,,,,,,,,,,,,,,,,,,,,,,,,,486,,,,,,,,,,,,,,,,,,,,,,,,,,,,,,,,,,,,,,,,,,,,,,,
state 447,,,,,,,,,,,,,,,,,,,,,,,,,s488,s489,,,,,,,,,,,,,,,,,,,,,,,,,,,,,,,,,,,,,,,,,,,,,,,,,,,,,,,,,,,,,,,,,,,,,,,,,,,,,,,,,,,,,,,,,,,,,,,
state 448,,,,,,,,,,,,,,,,,,,,,,r144,,,,,,,,r144,,,,,,,,,,,,,,,,,,,,,,,,,,,,,,,,,,,,,,,,,,,,,,,,,,,,,,,,,,,,,,,,,,,,,,,,,,,,,,,,,,,,,,,,,,,
state 449,,,,,,,,,,,,,,,,,,,,,,,,,,,,,,,,,,,,,,s490,,,,,,,,,,,,,,,,,,,,,,,,,,,,,,,,,,,,,,,,,,,,,,,,,,,,,,,,,,,,,,,,,,,,,,,,,,,,,,,,,,,
state 450,,,,,,,,,,,,,,,,,,,r150,,,,,,,,,,,,r150,,,,,,,,,,,,,,,,,,,,,,,,,,,,,,,,,,,,,,,,,,,,,,,,,,,,,,,,,,,,,,,,,,,,,,,,,,,,,,,,,,,,,,,,,,
state 451,,,,,,,,,,,,,,,,,,,,,,,,,,,,,,,,,,,,,s491,,,,,,,,,,,,,,,,,,,,,,,,,,,,,,,,,,,,,,,,,,,,,,,,,,,,,,,,,,,,,,,,,,,,,,,,,,,,,,,,,,,,
state 452,,,,,,,,,s269,,,,,,,,,,,,,,,,,,,,,,,,,,,,,,,,,,,,,,,,,,,,,,,,,,,,,,,,,,,,,,,,,492,,,,,,,,,,,,,,,,,,,,,,,,,,,,,,,,,,,,,,,,,,,,,,,
state 453,,,,,,,,,s269,,,,,,,,,,,,,,,,,,,,,,,,,,,,,,,,,,,,,,,,,,,,,,,,,,,,,,,,,,,,,,,,,493,,,,,,,,,,,,,,,,,,,,,,,,,,,,,,,,,,,,,,,,,,,,,,,
state 454,r59,r59,r59,r59,r59,r59,r59,r59,r59,r59,r59,r59,r59,r59,r59,r59,r59,r59,r59,r59,r59,r59,r59,r59,r59,r59,r59,r59,r59,r59,,r59,r59,,,,,,,,,,,,,,,,,,,,,,,,,,,,,,,,,,,,,,,,,,,,,,,,,,,,,,,,,,,,,,,,,,,,,,,,,,,,,,,,,,,,,,,,
state 455,,,,,,,,,s118,,,,,,,,,s57,s58,s59,s60,s61,s62,s63,s64,s65,s66,s67,s68,,,,,,,,,,,,,,,,,,,,,,,,,,,,,,,,,,,,,,,,,,,,,,,,,,,,,,,,,494,,141,142,143,144,26,27,28,29,30,31,32,33,34,35,36,37,38,39,,,,,,,,,,,,,,,,
state 456,,,,,,,,,,,,,,,,,,,,,,,,,,,,,,,,,,,,,,s495,,,,,,,,,,,,,,,,,,,,,,,,,,,,,,,,,,,,,,,,,,,,,,,,,,,,,,,,,,,,,,,,,,,,,,,,,,,,,,,,,,,
state 457,,,,,,,,,,,,,,,,,,,r150,,,,,,,,,,,,r150,,,r150,,,r150,,r150,,,,,,,,,,,,,,,,,,,,,,,,,,,r150,,,,,,,,,,,,,,,,,,,,,,,,,,,,,,,,,,,,,,,,,,,,,,,,,,,,,,,
state 458,,,,,,,,,s269,,,,,,,,,,,,,,,,,,,,,,,,,,,,,,,,,,,,,,,,,,,,,,,,,,,,,,,,,,,,,,,,,496,,,,,,,,,,,,,,,,,,,,,,,,,,,,,,,,,,,,,,,,,,,,,,,
state 459,r60,r60,r60,r60,r60,r60,r60,r60,r60,r60,r60,r60,r60,r60,r60,r60,r60,r60,r60,r60,r60,r60,r60,r60,r60,r60,r60,r60,r60,r60,,r60,r60,,,,,,,,,,,,,,,,,,,,,,,,,,,,,,,,,,,,,,,,,,,,,,,,,,,,,,,,,,,,,,,,,,,,,,,,,,,,,,,,,,,,,,,,
state 460,r58,r58,r58,r58,r58,r58,r58,r58,r58,r58,r58,r58,r58,r58,r58,r58,r58,r58,r58,r58,r58,r58,r58,r58,r58,r58,r58,r58,r58,r58,,r58,r58,,,,,,,,,,,,,,,,,,,,,,,,,,,,,,,,,,,,,,,,,,,,,,,,,,,,,,,,,,,,,,,,,,,,,,,,,,,,,,,,,,,,,,,,
state 461,,,,,,,,,s463,,,,,,,,,,,,,,,,,,,,,,,,,,,,,,,,,,,,,,,,,,,,,,,,,,,,,,,,,,,,,,,,,497,,,,,,,,,,,,,,,,,,,,,,,,,,,,,,,,,,,,,,,,,,,,,,,
state 462,,,,,,,,,,,,,,,,,,,,r74,,,,,,,,,,r74,r74,,,,r74,r74,r74,r74,r74,r74,r74,r74,r74,r74,r74,r74,r74,r74,r74,r74,r74,r74,r74,r74,r74,,,,,,,,,,,,,,,,,,,,,,,,,,,,,,,,,,,,,,,,,,,,,,,,,,,,,,,,,,,,,,,,,,
state 463,,s41,s42,s43,s44,s45,s46,s47,s48,s49,s50,s51,s52,s53,s54,s55,s56,s57,s58,s59,s60,s61,s62,s63,s64,s65,s66,s67,s68,s499,,,,,,,,,,,,,,,,,,,,,,,,,,,,,,,,,,,,,,498,112,4,5,6,7,8,9,10,11,12,13,14,15,16,17,18,19,20,21,22,23,24,25,26,27,28,29,30,31,32,33,34,35,36,37,38,39,,,,,,,,,,,,,,,,
state 464,,,,,,,,,,,,,,,,,,,r145,,,,,,,,,,,,,,,,,,,,,,,,,,,,,,,,,,,,,,,,,,,,,,r145,,,,,,,,,,,,,,,,,,,,,,,,,,,,,,,,,,,,,,,,,,,,,,,,,,,,,,,,
state 465,,,,,,,,,,,,,,,,,,,r125,r125,,,,,,,,,r125,r125,r125,,,,r125,r125,r125,r125,r125,r125,r125,r125,r125,r125,r125,r125,r125,r125,r125,r125,r125,r125,r125,r125,r125,r125,,,,,,,,,,,,,,,,,,,,,,,,,,,,,,,,,,,,,,,,,,,,,,,,,,,,,,,,,,,,,,,,,
state 466,,,,,,,,,,,,,,,,,,,,,,,,,,,,,,,,,,,,,,s500,,,,,,,,,,,,,,,,,,,,,,,,,,,,,,,,,,,,,,,,,,,,,,,,,,,,,,,,,,,,,,,,,,,,,,,,,,,,,,,,,,,
state 467,,,,,,,,,,,,,,,,,,,r129,r129,,,,,,,,,r129,r129,r129,,,,r129,r129,r129,r129,r129,r129,r129,r129,r129,r129,r129,r129,r129,r129,r129,r129,r129,r129,r129,r129,r129,r129,,,,,,,,,,,,,,,,,,,,,,,,,,,,,,,,,,,,,,,,,,,,,,,,,,,,,,,,,,,,,,,,,
state 468,r23,r23,r23,r23,r23,r23,r23,r23,r23,r23,r23,r23,r23,r23,r23,r23,r23,r23,r23,r23,r23,r23,r23,r23,r23,r23,r23,r23,r23,r23,,r23,r23,,,,,,,,,,,,,,,,,,,,,,,,,,,,,,,,,,,,,,,,,,,,,,,,,,,,,,,,,,,,,,,,,,,,,,,,,,,,,,,,,,,,,,,,
state 469,r17,r17,r17,r17,r17,r17,r17,r17,r17,r17,r17,r17,r17,r17,r17,r17,r17,r17,r17,r17,r17,r17,r17,r17,r17,r17,r17,r17,r17,r17,,r17,r17,,,,,,,,,,,,,,,,,,,,,,,,,,,,,,,,,,,,,,,,,,,,,,,,,,,,,,,,,,,,,,,,,,,,,,,,,,,,,,,,,,,,,,,,
state 470,,,,,,,,,,,,,,,,,,,,,,,,,,,,,,,s501,,,,,,,,,,,,,,,,,,,,,,,,,,,,,,,,,,,,,,,,,,,,,,,,,,,,,,,,,,,,,,,,,,,,,,,,,,,,,,,,,,,,,,,,,,
state 471,,,,,,,,,,,,,,,,,,,,,,,,,,,,,,,s502,,,,,,,,,,,,,,,,,,,,,,,,,,,,,,,,,,,,,,,,,,,,,,,,,,,,,,,,,,,,,,,,,,,,,,,,,,,,,,,,,,,,,,,,,,
state 472,r20,r20,r20,r20,r20,r20,r20,r20,r20,r20,r20,r20,r20,r20,r20,r20,r20,r20,r20,r20,r20,r20,r20,r20,r20,r20,r20,r20,r20,r20,,r20,r20,,,,,,,,,,,,,,,,,,,,,,,,,,,,,,,,,,,,,,,,,,,,,,,,,,,,,,,,,,,,,,,,,,,,,,,,,,,,,,,,,,,,,,,,
state 473,r21,r21,r21,r21,r21,r21,r21,r21,r21,r21,r21,r21,r21,r21,r21,r21,r21,r21,r21,r21,r21,r21,r21,r21,r21,r21,r21,r21,r21,r21,,r21,r21,,,,,,,,,,,,,,,,,,,,,,,,,,,,,,,,,,,,,,,,,,,,,,,,,,,,,,,,,,,,,,,,,,,,,,,,,,,,,,,,,,,,,,,,
state 474,,,,,,,,,,,,,,,,,,,,,,,,,,,,,,,,,,,,,s503,,,,,,,,,,,,,,,,,,,,,,,,,,,,,,,,,,,,,,,,,,,,,,,,,,,,,,,,,,,,,,,,,,,,,,,,,,,,,,,,,,,,
state 475,,,,,,,,,,,,,,s484,,,,s247,,,,,,,,,,,,,,,,,,,,,,,,,,,,,,,,,,,,,,,,,s480,s481,s482,s483,,,,,,,,,,,,,,,,,,,,,,,,,,,,,,,,,,,,,,,,,,,,,,,,,504,479,,,,,,,,,
state 476,,,,,,,,,,,,,,,,,,,,,,,,,,,,,,,,,,,,,r154,,,,,,,,,,,,,,,,,,,,,,,,,,,,,,,,,,,,,,,,,,,,,,,,,,,,,,,,,,,,,,,,,,,,,,,,,,,,,,,,,,,,
state 477,,,,,,,,,,,,,,,,,,,r145,,,,,,,,,,,,,,,,,,r145,,r145,,,,,,,,,,,,,,,,,,,,,,,,,,,,,,,,,,,,,,,,,,,,,,,,,,,,,,,,,,,,,,,,,,,,,,,,,,,,,,,,,,
state 478,,,,,,,,,,,,,,,,,,,s505,,,,,,,,,,,,r153,,,r153,,,r153,,r153,,,,,,,,,,,,,,,,,,,,,,,,,,r153,r153,,,,,,,,,,,,,,,,,,,,,,,,,,,,,,,,,,,,,,,,,,,,,,,,,,,,,,,
state 479,,,,,,,,,,,,,,,,,,,r151,,,,,,,,,,,,r151,,,r151,,,r151,,r151,,,,,,,,,,,,,,,,,,,,,,,,,,r151,r151,,,,,,,,,,,,,,,,,,,,,,,,,,,,,,,,,,,,,,,,,,,,,,,,,,,,,,,
state 480,,,,,,,,,,,,,,,,,,,r146,,,,,,,,,,,,r146,,,r146,,,r146,,r146,,,,,,,,,,,,,,,,,,,,,,,,,,r146,r146,,,,,,,,,,,,,,,,,,,,,,,,,,,,,,,,,,,,,,,,,,,,,,,,,,,,,,,
state 481,,,,,,,,,,,,,,,,,,,r147,,,,,,,,,,,,r147,,,r147,,,r147,,r147,,,,,,,,,,,,,,,,,,,,,,,,,,r147,r147,,,,,,,,,,,,,,,,,,,,,,,,,,,,,,,,,,,,,,,,,,,,,,,,,,,,,,,
state 482,,,,,,,,,,,,,,,,,,,r148,,,,,,,,,,,,r148,,,r148,,,r148,,r148,,,,,,,,,,,,,,,,,,,,,,,,,,r148,r148,,,,,,,,,,,,,,,,,,,,,,,,,,,,,,,,,,,,,,,,,,,,,,,,,,,,,,,
state 483,,,,,,,,,,,,,,,,,,,r149,,,,,,,,,,,,r149,,,r149,,,r149,,r149,,,,,,,,,,,,,,,,,,,,,,,,,,r149,r149,,,,,,,,,,,,,,,,,,,,,,,,,,,,,,,,,,,,,,,,,,,,,,,,,,,,,,,
state 484,,,,,,,,,,,,,,,,,,,,,,s506,,,,,,,,,,,,,,,,,,,,,,,,,,,,,,,,,,,,,,,,,,,,,,,,,,,,,,,,,,,,,,,,,,,,,,,,,,,,,,,,,,,,,,,,,,,,,,,,,,,
state 485,,,,,,,,,s487,,,,,,,,,,,,,,,,,,,,,,,,,,,,,,,,,,,,,,,,,,,,,,,,,,,,,,,,,,,,,,,,,507,,,,,,,,,,,,,,,,,,,,,,,,,,,,,,,,,,,,,,,,,,,,,,,
state 486,,,,,,,,,,,,,,,,,,,,,,,,,,,,,,r44,,,,,,,,,,,,,,,,,,,,,,,,,,,,,,,,,,,,,,,,,,,,,,,,,,,,,,,,,,,,,,,,,,,,,,,,,,,,,,,,,,,,,,,,,,,
state 487,,s41,s42,s43,s44,s45,s46,s47,s48,s49,s50,s51,s52,s53,s54,s55,s56,s57,s58,s59,s60,s61,s62,s63,s64,s65,s66,s67,s68,s509,,,,,,,,,,,,,,,,,,,,,,,,,,,,,,,,,,,,,,508,112,4,5,6,7,8,9,10,11,12,13,14,15,16,17,18,19,20,21,22,23,24,25,26,27,28,29,30,31,32,33,34,35,36,37,38,39,,,,,,,,,,,,,,,,
state 488,,,,,,,,,,,,,,,,,,,,,,,,,,,,,,,,,,,,,s510,,,,,,,,,,,,,,,,,,,,,,,,,,,,,,,,,,,,,,,,,,,,,,,,,,,,,,,,,,,,,,,,,,,,,,,,,,,,,,,,,,,,
state 489,,,,,,,,,,,,,,,,,,,,,,,,,,,,,,,,,,,,,s511,,,,,,,,,,,,,,,,,,,,,,,,,,,,,,,,,,,,,,,,,,,,,,,,,,,,,,,,,,,,,,,,,,,,,,,,,,,,,,,,,,,,
state 490,,,,,,,,,,,,,,,,,,,r145,,,,,,,,,,,,r145,,,,,,,,,,,,,,,,,,,,,,,,,,,,,,,,,,,,,,,,,,,,,,,,,,,,,,,,,,,,,,,,,,,,,,,,,,,,,,,,,,,,,,,,,,
state 491,,,,,,,,,s269,,,,,,,,,,,,,,,,,,,,,,,,,,,,,,,,,,,,,,,,,,,,,,,,,,,,,,,,,,,,,,,,,512,,,,,,,,,,,,,,,,,,,,,,,,,,,,,,,,,,,,,,,,,,,,,,,
state 492,r57,r57,r57,r57,r57,r57,r57,r57,r57,r57,r57,r57,r57,r57,r57,r57,r57,r57,r57,r57,r57,r57,r57,r57,r57,r57,r57,r57,r57,r57,,r57,r57,,,,,,,,,,,,,,,,,,,,,,,,,,,,,,,,,,,,,,,,,,,,,,,,,,,,,,,,,,,,,,,,,,,,,,,,,,,,,,,,,,,,,,,,
state 493,r56,r56,r56,r56,r56,r56,r56,r56,r56,r56,r56,r56,r56,r56,r56,r56,r56,r56,r56,r56,r56,r56,r56,r56,r56,r56,r56,r56,r56,r56,,r56,r56,,,,,,,,,,,,,,,,,,,,,,,,,,,,,,,,,,,,,,,,,,,,,,,,,,,,,,,,,,,,,,,,,,,,,,,,,,,,,,,,,,,,,,,,
state 494,,,,,,,,,,,,,,,,,,,,,,,,,,,,,,,,,,,,,s513,,,,,,,,,,,,,,,,,,,,,,,,,,,,,,,,,,,,,,,,,,,,,,,,,,,,,,,,,,,,,,,,,,,,,,,,,,,,,,,,,,,,
state 495,,,,,,,,,,,,,,,,,,,r145,,,,,,,,,,,,r145,,,r145,,,r145,,r145,,,,,,,,,,,,,,,,,,,,,,,,,,,r145,,,,,,,,,,,,,,,,,,,,,,,,,,,,,,,,,,,,,,,,,,,,,,,,,,,,,,,
state 496,r55,r55,r55,r55,r55,r55,r55,r55,r55,r55,r55,r55,r55,r55,r55,r55,r55,r55,r55,r55,r55,r55,r55,r55,r55,r55,r55,r55,r55,r55,,r55,r55,,,,,,,,,,,,,,,,,,,,,,,,,,,,,,,,,,,,,,,,,,,,,,,,,,,,,,,,,,,,,,,,,,,,,,,,,,,,,,,,,,,,,,,,
state 497,,,,,,,,,,,,,,,,,,,,r73,,,,,,,,,,r73,r73,,,,r73,r73,r73,r73,r73,r73,r73,r73,r73,r73,r73,r73,r73,r73,r73,r73,r73,r73,r73,r73,r73,,,,,,,,,,,,,,,,,,,,,,,,,,,,,,,,,,,,,,,,,,,,,,,,,,,,,,,,,,,,,,,,,,
state 498,,s41,s42,s43,s44,s45,s46,s47,s48,s49,s50,s51,s52,s53,s54,s55,s56,s57,s58,s59,s60,s61,s62,s63,s64,s65,s66,s67,s68,s514,,,,,,,,,,,,,,,,,,,,,,,,,,,,,,,,,,,,,,,194,4,5,6,7,8,9,10,11,12,13,14,15,16,17,18,19,20,21,22,23,24,25,26,27,28,29,30,31,32,33,34,35,36,37,38,39,,,,,,,,,,,,,,,,
state 499,,,,,,,,,,,,,,,,,,,,r35,,,,,,,,,,r35,r35,,,,r35,r35,r35,r35,r35,r35,r35,r35,r35,r35,r35,r35,r35,r35,r35,r35,r35,r35,r35,r35,r35,,,,,,,,,,,,,,,,,,,,,,,,,,,,,,,,,,,,,,,,,,,,,,,,,,,,,,,,,,,,,,,,,,
state 500,,,,,,,,,,,,,,,,,,,r128,r128,,,,,,,,,r128,r128,r128,,,,r128,r128,r128,r128,r128,r128,r128,r128,r128,r128,r128,r128,r128,r128,r128,r128,r128,r128,r128,r128,r128,r128,,,,,,,,,,,,,,,,,,,,,,,,,,,,,,,,,,,,,,,,,,,,,,,,,,,,,,,,,,,,,,,,,
state 501,r18,r18,r18,r18,r18,r18,r18,r18,r18,r18,r18,r18,r18,r18,r18,r18,r18,r18,r18,r18,r18,r18,r18,r18,r18,r18,r18,r18,r18,r18,,r18,r18,,,,,,,,,,,,,,,,,,,,,,,,,,,,,,,,,,,,,,,,,,,,,,,,,,,,,,,,,,,,,,,,,,,,,,,,,,,,,,,,,,,,,,,,
state 502,r19,r19,r19,r19,r19,r19,r19,r19,r19,r19,r19,r19,r19,r19,r19,r19,r19,r19,r19,r19,r19,r19,r19,r19,r19,r19,r19,r19,r19,r19,,r19,r19,,,,,,,,,,,,,,,,,,,,,,,,,,,,,,,,,,,,,,,,,,,,,,,,,,,,,,,,,,,,,,,,,,,,,,,,,,,,,,,,,,,,,,,,
state 503,,s429,s430,s431,s432,s45,s46,s47,s48,s49,s50,s51,s52,s53,s54,s55,s56,s57,s58,s59,s60,s61,s62,s63,s64,s65,s66,s67,s68,,,,,,,,,,,,,,,,,,,,,,,,,,,,,,,,,,,,,,,,515,417,418,419,420,421,422,423,424,425,426,427,428,16,17,18,19,20,21,22,23,24,25,26,27,28,29,30,31,32,33,34,35,36,37,38,39,,,,,,,,,,,,,,,,
state 504,,,,,,,,,,,,,,,,,,,s505,,,,,,,,,,,,r152,,,r152,,,r152,,r152,,,,,,,,,,,,,,,,,,,,,,,,,,r152,r152,,,,,,,,,,,,,,,,,,,,,,,,,,,,,,,,,,,,,,,,,,,,,,,,,,,,,,,
state 505,,,,,,,,,,,,,,,,,,,,,,,,,,,,,,,,,,,,,,s516,,,,,,,,,,,,,,,,,,,,,,,,,,,,,,,,,,,,,,,,,,,,,,,,,,,,,,,,,,,,,,,,,,,,,,,,,,,,,,,,,,,
state 506,,,,,,,,,,,,,,,,,,,r150,,,,,,,,,,,,r150,,,r150,,,r150,,r150,,,,,,,,,,,,,,,,,,,,,,,,,,r150,r150,,,,,,,,,,,,,,,,,,,,,,,,,,,,,,,,,,,,,,,,,,,,,,,,,,,,,,,
state 507,,,,,,,,,,,,,,,,,,,,,,,,,,,,,,r43,,,,,,,,,,,,,,,,,,,,,,,,,,,,,,,,,,,,,,,,,,,,,,,,,,,,,,,,,,,,,,,,,,,,,,,,,,,,,,,,,,,,,,,,,,,
state 508,,s41,s42,s43,s44,s45,s46,s47,s48,s49,s50,s51,s52,s53,s54,s55,s56,s57,s58,s59,s60,s61,s62,s63,s64,s65,s66,s67,s68,s517,,,,,,,,,,,,,,,,,,,,,,,,,,,,,,,,,,,,,,,194,4,5,6,7,8,9,10,11,12,13,14,15,16,17,18,19,20,21,22,23,24,25,26,27,28,29,30,31,32,33,34,35,36,37,38,39,,,,,,,,,,,,,,,,
state 509,,,,,,,,,,,,,,,,,,,,,,,,,,,,,,r35,,,,,,,,,,,,,,,,,,,,,,,,,,,,,,,,,,,,,,,,,,,,,,,,,,,,,,,,,,,,,,,,,,,,,,,,,,,,,,,,,,,,,,,,,,,
state 510,,,,,,,,,,,,,,,,,,,,,,,,,,,,,,,,,,,,,,,,,,,,,,,,,,,,,,,,,s518,,,,,,,,,,,,,,,,,,,,,,,,,,,,,,,,,,,,,,,,,,,,,,,,,,,,,,,,,,,,,,,,
state 511,,,,,,,,,,,,,,,,,,,,,,,,,,,,,,,,,,,,,,,,,,,,,,,,,,,,,,,,,s519,,,,,,,,,,,,,,,,,,,,,,,,,,,,,,,,,,,,,,,,,,,,,,,,,,,,,,,,,,,,,,,,
state 512,r54,r54,r54,r54,r54,r54,r54,r54,r54,r54,r54,r54,r54,r54,r54,r54,r54,r54,r54,r54,r54,r54,r54,r54,r54,r54,r54,r54,r54,r54,,r54,r54,,,,,,,,,,,,,,,,,,,,,,,,,,,,,,,,,,,,,,,,,,,,,,,,,,,,,,,,,,,,,,,,,,,,,,,,,,,,,,,,,,,,,,,,
state 513,,,,,,,,,s269,,,,,,,,,,,,,,,,,,,,,,,,,,,,,,,,,,,,,,,,,,,,,,,,,,,,,,,,,,,,,,,,,520,,,,,,,,,,,,,,,,,,,,,,,,,,,,,,,,,,,,,,,,,,,,,,,
state 514,,,,,,,,,,,,,,,,,,,,r36,,,,,,,,,,r36,r36,,,,r36,r36,r36,r36,r36,r36,r36,r36,r36,r36,r36,r36,r36,r36,r36,r36,r36,r36,r36,r36,r36,,,,,,,,,,,,,,,,,,,,,,,,,,,,,,,,,,,,,,,,,,,,,,,,,,,,,,,,,,,,,,,,,,
state 515,r29,r29,r29,r29,r29,r29,r29,r29,r29,r29,r29,r29,r29,r29,r29,r29,r29,r29,r29,r29,r29,r29,r29,r29,r29,r29,r29,r29,r29,r29,,r29,r29,,,,,,,,,,,,,,,,,,,,,,,,,,,,,,,,,,,,,,,,,,,,,,,,,,,,,,,,,,,,,,,,,,,,,,,,,,,,,,,,,,,,,,,,
state 516,,,,,,,,,,,,,,,,,,,r145,,,,,,,,,,,,r145,,,r145,,,r145,,r145,,,,,,,,,,,,,,,,,,,,,,,,,,r145,r145,,,,,,,,,,,,,,,,,,,,,,,,,,,,,,,,,,,,,,,,,,,,,,,,,,,,,,,
state 517,,,,,,,,,,,,,,,,,,,,,,,,,,,,,,r36,,,,,,,,,,,,,,,,,,,,,,,,,,,,,,,,,,,,,,,,,,,,,,,,,,,,,,,,,,,,,,,,,,,,,,,,,,,,,,,,,,,,,,,,,,,
state 518,,,,,,,,,s522,,,,,,,,,,,,,,,,,,,,,,,,,,,,,,,,,,,,,,,,,,,,,,,,,,,,,,,,,,,,,,,,,521,,,,,,,,,,,,,,,,,,,,,,,,,,,,,,,,,,,,,,,,,,,,,,,
state 519,,,,,,,,,s522,,,,,,,,,,,,,,,,,,,,,,,,,,,,,,,,,,,,,,,,,,,,,,,,,,,,,,,,,,,,,,,,,523,,,,,,,,,,,,,,,,,,,,,,,,,,,,,,,,,,,,,,,,,,,,,,,
state 520,r53,r53,r53,r53,r53,r53,r53,r53,r53,r53,r53,r53,r53,r53,r53,r53,r53,r53,r53,r53,r53,r53,r53,r53,r53,r53,r53,r53,r53,r53,,r53,r53,,,,,,,,,,,,,,,,,,,,,,,,,,,,,,,,,,,,,,,,,,,,,,,,,,,,,,,,,,,,,,,,,,,,,,,,,,,,,,,,,,,,,,,,
state 521,,,,,,,,,,,,,,,,,,,,,,,,,,,,,,r48,,,,,,,,,,,,,,,,,,,,,,,,,,,,,,,,,r48,r48,,,,,,,,,,,,,,,,,,,,,,,,,,,,,,,,,,,,,,,,,,,,,,,,,,,,,,,,,
state 522,,s41,s42,s43,s44,s45,s46,s47,s48,s49,s50,s51,s52,s53,s54,s55,s56,s57,s58,s59,s60,s61,s62,s63,s64,s65,s66,s67,s68,s525,,,,,,,,,,,,,,,,,,,,,,,,,,,,,,,,,,,,,,524,112,4,5,6,7,8,9,10,11,12,13,14,15,16,17,18,19,20,21,22,23,24,25,26,27,28,29,30,31,32,33,34,35,36,37,38,39,,,,,,,,,,,,,,,,
state 523,,,,,,,,,,,,,,,,,,,,,,,,,,,,,,r49,,,,,,,,,,,,,,,,,,,,,,,,,,,,,,,,,r49,r49,,,,,,,,,,,,,,,,,,,,,,,,,,,,,,,,,,,,,,,,,,,,,,,,,,,,,,,,,
state 524,,s41,s42,s43,s44,s45,s46,s47,s48,s49,s50,s51,s52,s53,s54,s55,s56,s57,s58,s59,s60,s61,s62,s63,s64,s65,s66,s67,s68,s526,,,,,,,,,,,,,,,,,,,,,,,,,,,,,,,,,,,,,,,194,4,5,6,7,8,9,10,11,12,13,14,15,16,17,18,19,20,21,22,23,24,25,26,27,28,29,30,31,32,33,34,35,36,37,38,39,,,,,,,,,,,,,,,,
state 525,,,,,,,,,,,,,,,,,,,,,,,,,,,,,,r35,,,,,,,,,,,,,,,,,,,,,,,,,,,,,,,,,r35,r35,,,,,,,,,,,,,,,,,,,,,,,,,,,,,,,,,,,,,,,,,,,,,,,,,,,,,,,,,
state 526,,,,,,,,,,,,,,,,,,,,,,,,,,,,,,r36,,,,,,,,,,,,,,,,,,,,,,,,,,,,,,,,,r36,r36,,,,,,,,,,,,,,,,,,,,,,,,,,,,,,,,,,,,,,,,,,,,,,,,,,,,,,,,,
